--------------------------------------------------------
-- Archivo creado  - jueves-febrero-06-2020   
--------------------------------------------------------
REM INSERTING into ALUMNO
SET DEFINE OFF;
Insert into ALUMNO (DNI,NOMBRE,APELLIDO1,APELLIDO2,TELEFONO,NACIMIENTO) values ('46122677H','Isai','Cáceres','Soto','658730604',to_date('11/06/95','DD/MM/RR'));
Insert into ALUMNO (DNI,NOMBRE,APELLIDO1,APELLIDO2,TELEFONO,NACIMIENTO) values ('24273604W','Jordi','Vidal','Lagos',null,to_date('29/03/00','DD/MM/RR'));
Insert into ALUMNO (DNI,NOMBRE,APELLIDO1,APELLIDO2,TELEFONO,NACIMIENTO) values ('11847936S','Israel','Gallardo','Contreras','664370136',to_date('02/04/96','DD/MM/RR'));
Insert into ALUMNO (DNI,NOMBRE,APELLIDO1,APELLIDO2,TELEFONO,NACIMIENTO) values ('41328862R','Maciel','Olivares','Cárdenas',null,to_date('14/04/01','DD/MM/RR'));
Insert into ALUMNO (DNI,NOMBRE,APELLIDO1,APELLIDO2,TELEFONO,NACIMIENTO) values ('34520427A','Alonso','Vásquez','Rojas',null,to_date('01/12/98','DD/MM/RR'));
Insert into ALUMNO (DNI,NOMBRE,APELLIDO1,APELLIDO2,TELEFONO,NACIMIENTO) values ('18050221M','Letizia','Parra','Bustos',null,to_date('26/01/99','DD/MM/RR'));
Insert into ALUMNO (DNI,NOMBRE,APELLIDO1,APELLIDO2,TELEFONO,NACIMIENTO) values ('15623393E','Edgard','Godoy','Gómez','643703826',to_date('02/02/96','DD/MM/RR'));
Insert into ALUMNO (DNI,NOMBRE,APELLIDO1,APELLIDO2,TELEFONO,NACIMIENTO) values ('18084623E','Bruno','Olivares','Soto',null,to_date('03/04/94','DD/MM/RR'));
Insert into ALUMNO (DNI,NOMBRE,APELLIDO1,APELLIDO2,TELEFONO,NACIMIENTO) values ('14127358E','André','Sepúlveda','Orellana',null,to_date('08/11/99','DD/MM/RR'));
Insert into ALUMNO (DNI,NOMBRE,APELLIDO1,APELLIDO2,TELEFONO,NACIMIENTO) values ('11344110G','Phillip','Núñez','Garrido','612678585',to_date('30/07/99','DD/MM/RR'));
Insert into ALUMNO (DNI,NOMBRE,APELLIDO1,APELLIDO2,TELEFONO,NACIMIENTO) values ('49363711F','Marko','Silva','Álvarez',null,to_date('09/03/98','DD/MM/RR'));
Insert into ALUMNO (DNI,NOMBRE,APELLIDO1,APELLIDO2,TELEFONO,NACIMIENTO) values ('22996261X','Manu','Espinoza','Lagos',null,to_date('10/02/96','DD/MM/RR'));
Insert into ALUMNO (DNI,NOMBRE,APELLIDO1,APELLIDO2,TELEFONO,NACIMIENTO) values ('79645114R','Aixa','Flores','López',null,to_date('05/02/96','DD/MM/RR'));
Insert into ALUMNO (DNI,NOMBRE,APELLIDO1,APELLIDO2,TELEFONO,NACIMIENTO) values ('14486850R','Mark','Aravena','López',null,to_date('19/03/99','DD/MM/RR'));
Insert into ALUMNO (DNI,NOMBRE,APELLIDO1,APELLIDO2,TELEFONO,NACIMIENTO) values ('35079847V','Yulian','Rodríguez','Núñez','605256082',to_date('17/02/96','DD/MM/RR'));
Insert into ALUMNO (DNI,NOMBRE,APELLIDO1,APELLIDO2,TELEFONO,NACIMIENTO) values ('11020760B','Jhon','Aguilera','Gutiérrez','638636021',to_date('22/12/98','DD/MM/RR'));
Insert into ALUMNO (DNI,NOMBRE,APELLIDO1,APELLIDO2,TELEFONO,NACIMIENTO) values ('50023014S','Jostin','Contreras','Bustamante','631531007',to_date('12/10/94','DD/MM/RR'));
Insert into ALUMNO (DNI,NOMBRE,APELLIDO1,APELLIDO2,TELEFONO,NACIMIENTO) values ('18142832H','Juaquin','Zúñiga','Hernández',null,to_date('07/01/99','DD/MM/RR'));
Insert into ALUMNO (DNI,NOMBRE,APELLIDO1,APELLIDO2,TELEFONO,NACIMIENTO) values ('50965321N','Braian','Navarro','Moreno',null,to_date('25/04/99','DD/MM/RR'));
Insert into ALUMNO (DNI,NOMBRE,APELLIDO1,APELLIDO2,TELEFONO,NACIMIENTO) values ('24111935T','Antoine','Orellana','Godoy','645101286',to_date('03/12/00','DD/MM/RR'));
Insert into ALUMNO (DNI,NOMBRE,APELLIDO1,APELLIDO2,TELEFONO,NACIMIENTO) values ('19036083H','Amaia','Pérez','Núñez',null,to_date('30/09/94','DD/MM/RR'));
Insert into ALUMNO (DNI,NOMBRE,APELLIDO1,APELLIDO2,TELEFONO,NACIMIENTO) values ('36536455N','Angeline','San Martín','González',null,to_date('26/10/94','DD/MM/RR'));
Insert into ALUMNO (DNI,NOMBRE,APELLIDO1,APELLIDO2,TELEFONO,NACIMIENTO) values ('22864722P','Yohans','Leiva','Pérez','606218167',to_date('23/12/99','DD/MM/RR'));
Insert into ALUMNO (DNI,NOMBRE,APELLIDO1,APELLIDO2,TELEFONO,NACIMIENTO) values ('32594807N','Jessica','Vargas','Olivares',null,to_date('05/01/01','DD/MM/RR'));
Insert into ALUMNO (DNI,NOMBRE,APELLIDO1,APELLIDO2,TELEFONO,NACIMIENTO) values ('41953078C','Yosef','Guerrero','Muñoz','647381436',to_date('12/03/94','DD/MM/RR'));
Insert into ALUMNO (DNI,NOMBRE,APELLIDO1,APELLIDO2,TELEFONO,NACIMIENTO) values ('32832598Y','Manuela','Vergara','Navarrete',null,to_date('07/12/01','DD/MM/RR'));
Insert into ALUMNO (DNI,NOMBRE,APELLIDO1,APELLIDO2,TELEFONO,NACIMIENTO) values ('46584875P','Madelein','Vidal','Alvarado','634830176',to_date('07/08/01','DD/MM/RR'));
Insert into ALUMNO (DNI,NOMBRE,APELLIDO1,APELLIDO2,TELEFONO,NACIMIENTO) values ('14402143A','Clemente','Vásquez','Ramírez','653562888',to_date('04/08/95','DD/MM/RR'));
Insert into ALUMNO (DNI,NOMBRE,APELLIDO1,APELLIDO2,TELEFONO,NACIMIENTO) values ('15606952A','Julián','Silva','Romero','623140172',to_date('28/12/01','DD/MM/RR'));
Insert into ALUMNO (DNI,NOMBRE,APELLIDO1,APELLIDO2,TELEFONO,NACIMIENTO) values ('21657711Z','Julia','Medina','Godoy','601060265',to_date('25/10/94','DD/MM/RR'));
Insert into ALUMNO (DNI,NOMBRE,APELLIDO1,APELLIDO2,TELEFONO,NACIMIENTO) values ('13873611B','Annais','Cáceres','García','682738603',to_date('18/01/97','DD/MM/RR'));
Insert into ALUMNO (DNI,NOMBRE,APELLIDO1,APELLIDO2,TELEFONO,NACIMIENTO) values ('30929386K','Antonia','Muñoz','Ruiz',null,to_date('24/03/99','DD/MM/RR'));
Insert into ALUMNO (DNI,NOMBRE,APELLIDO1,APELLIDO2,TELEFONO,NACIMIENTO) values ('25117245A','Darling','San Martín','Bustamante',null,to_date('17/06/97','DD/MM/RR'));
Insert into ALUMNO (DNI,NOMBRE,APELLIDO1,APELLIDO2,TELEFONO,NACIMIENTO) values ('22751693R','Pedro','Rivera','Carrasco','681872550',to_date('27/06/01','DD/MM/RR'));
Insert into ALUMNO (DNI,NOMBRE,APELLIDO1,APELLIDO2,TELEFONO,NACIMIENTO) values ('13807088G','Maicol','Zúñiga','Álvarez',null,to_date('23/09/98','DD/MM/RR'));
Insert into ALUMNO (DNI,NOMBRE,APELLIDO1,APELLIDO2,TELEFONO,NACIMIENTO) values ('14687983E','Dario','Rojas','Soto','661523143',to_date('25/01/00','DD/MM/RR'));
Insert into ALUMNO (DNI,NOMBRE,APELLIDO1,APELLIDO2,TELEFONO,NACIMIENTO) values ('44120113H','Emerson','López','Núñez',null,to_date('03/05/95','DD/MM/RR'));
Insert into ALUMNO (DNI,NOMBRE,APELLIDO1,APELLIDO2,TELEFONO,NACIMIENTO) values ('45735678V','Max','Contreras','Ortega',null,to_date('19/10/94','DD/MM/RR'));
Insert into ALUMNO (DNI,NOMBRE,APELLIDO1,APELLIDO2,TELEFONO,NACIMIENTO) values ('84663473J','Grace','Donoso','Sánchez','681212528',to_date('17/11/94','DD/MM/RR'));
Insert into ALUMNO (DNI,NOMBRE,APELLIDO1,APELLIDO2,TELEFONO,NACIMIENTO) values ('16253503R','Leonardo','Palma','Ortiz',null,to_date('26/04/95','DD/MM/RR'));
Insert into ALUMNO (DNI,NOMBRE,APELLIDO1,APELLIDO2,TELEFONO,NACIMIENTO) values ('14811873B','Dominic','Reyes','Godoy',null,to_date('13/11/98','DD/MM/RR'));
Insert into ALUMNO (DNI,NOMBRE,APELLIDO1,APELLIDO2,TELEFONO,NACIMIENTO) values ('40898977D','Edith','Alarcón','Sáez','617412647',to_date('06/09/00','DD/MM/RR'));
Insert into ALUMNO (DNI,NOMBRE,APELLIDO1,APELLIDO2,TELEFONO,NACIMIENTO) values ('64179971N','Natalia','Maldonado','González',null,to_date('10/07/97','DD/MM/RR'));
Insert into ALUMNO (DNI,NOMBRE,APELLIDO1,APELLIDO2,TELEFONO,NACIMIENTO) values ('40398226Z','Ander','Riquelme','Escobar','604135482',to_date('27/08/01','DD/MM/RR'));
Insert into ALUMNO (DNI,NOMBRE,APELLIDO1,APELLIDO2,TELEFONO,NACIMIENTO) values ('43693651E','Arianna','Olivares','Ortiz',null,to_date('23/07/97','DD/MM/RR'));
Insert into ALUMNO (DNI,NOMBRE,APELLIDO1,APELLIDO2,TELEFONO,NACIMIENTO) values ('66815772J','Dayron','Zúñiga','Fernández',null,to_date('16/12/98','DD/MM/RR'));
Insert into ALUMNO (DNI,NOMBRE,APELLIDO1,APELLIDO2,TELEFONO,NACIMIENTO) values ('39988795Y','Miqueas','Jara','Moreno','601104586',to_date('05/09/00','DD/MM/RR'));
Insert into ALUMNO (DNI,NOMBRE,APELLIDO1,APELLIDO2,TELEFONO,NACIMIENTO) values ('12774836S','Josias','Aguilera','Yáñez','662610153',to_date('27/01/99','DD/MM/RR'));
Insert into ALUMNO (DNI,NOMBRE,APELLIDO1,APELLIDO2,TELEFONO,NACIMIENTO) values ('15205091K','Kasandra','Toro','Figueroa','600256483',to_date('21/08/95','DD/MM/RR'));
Insert into ALUMNO (DNI,NOMBRE,APELLIDO1,APELLIDO2,TELEFONO,NACIMIENTO) values ('43839652L','Nathaniel','Soto','Gallardo','630428226',to_date('05/08/98','DD/MM/RR'));
Insert into ALUMNO (DNI,NOMBRE,APELLIDO1,APELLIDO2,TELEFONO,NACIMIENTO) values ('40841201D','Karin','Gallardo','Rojas',null,to_date('23/03/01','DD/MM/RR'));
Insert into ALUMNO (DNI,NOMBRE,APELLIDO1,APELLIDO2,TELEFONO,NACIMIENTO) values ('47326978Q','Justin','Vega','Guerrero',null,to_date('02/03/98','DD/MM/RR'));
Insert into ALUMNO (DNI,NOMBRE,APELLIDO1,APELLIDO2,TELEFONO,NACIMIENTO) values ('68154384W','Cinthya','Campos','Aguilera','607132126',to_date('14/07/95','DD/MM/RR'));
Insert into ALUMNO (DNI,NOMBRE,APELLIDO1,APELLIDO2,TELEFONO,NACIMIENTO) values ('13822863R','Eydan','Rodríguez','Gómez',null,to_date('30/10/00','DD/MM/RR'));
Insert into ALUMNO (DNI,NOMBRE,APELLIDO1,APELLIDO2,TELEFONO,NACIMIENTO) values ('49968392H','Samantha','Alvarado','Farías',null,to_date('17/07/98','DD/MM/RR'));
Insert into ALUMNO (DNI,NOMBRE,APELLIDO1,APELLIDO2,TELEFONO,NACIMIENTO) values ('16091551S','Joaquin','Muñoz','Núñez','602264881',to_date('19/07/01','DD/MM/RR'));
Insert into ALUMNO (DNI,NOMBRE,APELLIDO1,APELLIDO2,TELEFONO,NACIMIENTO) values ('27048732L','Lucio','Paredes','Vera','643364561',to_date('29/06/00','DD/MM/RR'));
Insert into ALUMNO (DNI,NOMBRE,APELLIDO1,APELLIDO2,TELEFONO,NACIMIENTO) values ('21994468M','Christián','Silva','Sánchez','654687786',to_date('14/03/95','DD/MM/RR'));
Insert into ALUMNO (DNI,NOMBRE,APELLIDO1,APELLIDO2,TELEFONO,NACIMIENTO) values ('13807866T','Waldo','Guzmán','Aguilera','627616327',to_date('20/04/94','DD/MM/RR'));
Insert into ALUMNO (DNI,NOMBRE,APELLIDO1,APELLIDO2,TELEFONO,NACIMIENTO) values ('19342406G','Mathyas','Gallardo','Toro',null,to_date('04/01/97','DD/MM/RR'));
Insert into ALUMNO (DNI,NOMBRE,APELLIDO1,APELLIDO2,TELEFONO,NACIMIENTO) values ('34621323K','Alann','Orellana','Salazar','635640670',to_date('28/05/98','DD/MM/RR'));
Insert into ALUMNO (DNI,NOMBRE,APELLIDO1,APELLIDO2,TELEFONO,NACIMIENTO) values ('40652401Q','César','Garrido','Carrasco',null,to_date('29/06/99','DD/MM/RR'));
Insert into ALUMNO (DNI,NOMBRE,APELLIDO1,APELLIDO2,TELEFONO,NACIMIENTO) values ('20953925M','Josías','Miranda','Campos','622373675',to_date('28/10/97','DD/MM/RR'));
Insert into ALUMNO (DNI,NOMBRE,APELLIDO1,APELLIDO2,TELEFONO,NACIMIENTO) values ('20494122H','Harold','Vargas','Díaz','613388710',to_date('04/05/95','DD/MM/RR'));
Insert into ALUMNO (DNI,NOMBRE,APELLIDO1,APELLIDO2,TELEFONO,NACIMIENTO) values ('31690697D','Fátima','Figueroa','Romero',null,to_date('21/10/95','DD/MM/RR'));
Insert into ALUMNO (DNI,NOMBRE,APELLIDO1,APELLIDO2,TELEFONO,NACIMIENTO) values ('98832244W','Estrella','Gómez','Lagos','624707070',to_date('18/01/01','DD/MM/RR'));
Insert into ALUMNO (DNI,NOMBRE,APELLIDO1,APELLIDO2,TELEFONO,NACIMIENTO) values ('25007070K','Adela','Gutiérrez','Parra','645208500',to_date('20/11/00','DD/MM/RR'));
Insert into ALUMNO (DNI,NOMBRE,APELLIDO1,APELLIDO2,TELEFONO,NACIMIENTO) values ('10731067A','Ismael','Leiva','Cortés',null,to_date('07/05/95','DD/MM/RR'));
Insert into ALUMNO (DNI,NOMBRE,APELLIDO1,APELLIDO2,TELEFONO,NACIMIENTO) values ('46987823L','Duvan','Toro','Alvarado',null,to_date('04/07/97','DD/MM/RR'));
Insert into ALUMNO (DNI,NOMBRE,APELLIDO1,APELLIDO2,TELEFONO,NACIMIENTO) values ('23630545T','Mark','Campos','Donoso','607381462',to_date('29/10/98','DD/MM/RR'));
Insert into ALUMNO (DNI,NOMBRE,APELLIDO1,APELLIDO2,TELEFONO,NACIMIENTO) values ('39086642M','Franco','Vidal','Navarrete','628626635',to_date('06/11/97','DD/MM/RR'));
Insert into ALUMNO (DNI,NOMBRE,APELLIDO1,APELLIDO2,TELEFONO,NACIMIENTO) values ('40561122R','Rafael','Figueroa','Silva',null,to_date('26/10/99','DD/MM/RR'));
Insert into ALUMNO (DNI,NOMBRE,APELLIDO1,APELLIDO2,TELEFONO,NACIMIENTO) values ('15218345G','Amador','Gómez','Ortega',null,to_date('14/08/97','DD/MM/RR'));
Insert into ALUMNO (DNI,NOMBRE,APELLIDO1,APELLIDO2,TELEFONO,NACIMIENTO) values ('64750370B','Constansa','López','Araya','607773256',to_date('15/11/96','DD/MM/RR'));
Insert into ALUMNO (DNI,NOMBRE,APELLIDO1,APELLIDO2,TELEFONO,NACIMIENTO) values ('77704438L','Eythan','Peña','Rivera',null,to_date('27/02/97','DD/MM/RR'));
Insert into ALUMNO (DNI,NOMBRE,APELLIDO1,APELLIDO2,TELEFONO,NACIMIENTO) values ('49458962S','Andy','Hernández','Pérez','650206242',to_date('17/08/01','DD/MM/RR'));
Insert into ALUMNO (DNI,NOMBRE,APELLIDO1,APELLIDO2,TELEFONO,NACIMIENTO) values ('44872587R','Marcial','Zúñiga','Morales',null,to_date('25/01/96','DD/MM/RR'));
Insert into ALUMNO (DNI,NOMBRE,APELLIDO1,APELLIDO2,TELEFONO,NACIMIENTO) values ('14706255D','Jans','Hernández','Aravena','663153485',to_date('21/12/99','DD/MM/RR'));
Insert into ALUMNO (DNI,NOMBRE,APELLIDO1,APELLIDO2,TELEFONO,NACIMIENTO) values ('28300270N','Angello','Araya','Castillo',null,to_date('19/03/96','DD/MM/RR'));
Insert into ALUMNO (DNI,NOMBRE,APELLIDO1,APELLIDO2,TELEFONO,NACIMIENTO) values ('39672127W','Nickolas','Olivares','Bustamante','680484011',to_date('25/05/96','DD/MM/RR'));
Insert into ALUMNO (DNI,NOMBRE,APELLIDO1,APELLIDO2,TELEFONO,NACIMIENTO) values ('16494437X','Karin','Torres','Zúñiga','636682707',to_date('16/01/94','DD/MM/RR'));
Insert into ALUMNO (DNI,NOMBRE,APELLIDO1,APELLIDO2,TELEFONO,NACIMIENTO) values ('12901312Z','Dylann','Bustamante','Jiménez',null,to_date('02/02/01','DD/MM/RR'));
Insert into ALUMNO (DNI,NOMBRE,APELLIDO1,APELLIDO2,TELEFONO,NACIMIENTO) values ('40769544C','Thaís','Vega','Alarcón',null,to_date('13/03/00','DD/MM/RR'));
Insert into ALUMNO (DNI,NOMBRE,APELLIDO1,APELLIDO2,TELEFONO,NACIMIENTO) values ('20282464Y','Yolanda','Jara','Gallardo',null,to_date('10/04/99','DD/MM/RR'));
Insert into ALUMNO (DNI,NOMBRE,APELLIDO1,APELLIDO2,TELEFONO,NACIMIENTO) values ('87739441F','Norma','Araya','Soto','617867040',to_date('13/04/99','DD/MM/RR'));
Insert into ALUMNO (DNI,NOMBRE,APELLIDO1,APELLIDO2,TELEFONO,NACIMIENTO) values ('15540961E','Esteban','Romero','Jiménez',null,to_date('30/07/01','DD/MM/RR'));
Insert into ALUMNO (DNI,NOMBRE,APELLIDO1,APELLIDO2,TELEFONO,NACIMIENTO) values ('31517534J','Elisa','Ramírez','San Martín',null,to_date('06/11/99','DD/MM/RR'));
Insert into ALUMNO (DNI,NOMBRE,APELLIDO1,APELLIDO2,TELEFONO,NACIMIENTO) values ('14016653Q','Anthonella','Bravo','Ortiz','631353246',to_date('26/04/94','DD/MM/RR'));
Insert into ALUMNO (DNI,NOMBRE,APELLIDO1,APELLIDO2,TELEFONO,NACIMIENTO) values ('48011507L','Guisela','Olivares','González','675226275',to_date('12/10/96','DD/MM/RR'));
Insert into ALUMNO (DNI,NOMBRE,APELLIDO1,APELLIDO2,TELEFONO,NACIMIENTO) values ('73401722M','Selena','Leiva','Ortiz','627755400',to_date('12/12/99','DD/MM/RR'));
Insert into ALUMNO (DNI,NOMBRE,APELLIDO1,APELLIDO2,TELEFONO,NACIMIENTO) values ('42807351G','Elián','Flores','Figueroa','623205422',to_date('23/03/96','DD/MM/RR'));
Insert into ALUMNO (DNI,NOMBRE,APELLIDO1,APELLIDO2,TELEFONO,NACIMIENTO) values ('50294651E','Waldo','Ruiz','Espinoza',null,to_date('20/12/00','DD/MM/RR'));
Insert into ALUMNO (DNI,NOMBRE,APELLIDO1,APELLIDO2,TELEFONO,NACIMIENTO) values ('38059005P','Katherine','Gutiérrez','Torres','664387030',to_date('11/10/00','DD/MM/RR'));
Insert into ALUMNO (DNI,NOMBRE,APELLIDO1,APELLIDO2,TELEFONO,NACIMIENTO) values ('36633285N','Ariana','Poblete','Tapia','616556266',to_date('13/05/98','DD/MM/RR'));
Insert into ALUMNO (DNI,NOMBRE,APELLIDO1,APELLIDO2,TELEFONO,NACIMIENTO) values ('28016414E','Annette','Navarrete','Araya','661606054',to_date('23/03/96','DD/MM/RR'));
Insert into ALUMNO (DNI,NOMBRE,APELLIDO1,APELLIDO2,TELEFONO,NACIMIENTO) values ('31148697G','Erwin','Gutiérrez','Jiménez','637751836',to_date('13/10/00','DD/MM/RR'));
Insert into ALUMNO (DNI,NOMBRE,APELLIDO1,APELLIDO2,TELEFONO,NACIMIENTO) values ('78402311A','Ariela','Torres','Martínez','644578740',to_date('09/09/96','DD/MM/RR'));
Insert into ALUMNO (DNI,NOMBRE,APELLIDO1,APELLIDO2,TELEFONO,NACIMIENTO) values ('50085165C','Fabián','Fernández','Silva','653110033',to_date('01/07/94','DD/MM/RR'));
Insert into ALUMNO (DNI,NOMBRE,APELLIDO1,APELLIDO2,TELEFONO,NACIMIENTO) values ('25606601B','Jhostin','Ramírez','Miranda','618666805',to_date('01/07/97','DD/MM/RR'));
Insert into ALUMNO (DNI,NOMBRE,APELLIDO1,APELLIDO2,TELEFONO,NACIMIENTO) values ('31287581Z','Matteo','Molina','Aravena',null,to_date('07/04/95','DD/MM/RR'));
Insert into ALUMNO (DNI,NOMBRE,APELLIDO1,APELLIDO2,TELEFONO,NACIMIENTO) values ('53197452Q','da','fuck','2','555555555',to_date('05/05/99','DD/MM/RR'));
REM INSERTING into CICLO
SET DEFINE OFF;
Insert into CICLO (ID,NOMBRE,NIVEL,CURSO) values ('0','DESARROLLO DE APLICACIONES MULTIPLATAFORMA','SUPERIOR','2');
Insert into CICLO (ID,NOMBRE,NIVEL,CURSO) values ('1','SISTEMAS MICROINFORMÁTICOS Y REDES','MEDIO','2');
Insert into CICLO (ID,NOMBRE,NIVEL,CURSO) values ('2','ADMINISTRACIÓN Y FINANZAS','SUPERIOR','2');
REM INSERTING into CURSA
SET DEFINE OFF;
Insert into CURSA (ANHO,ID_MODULO,DNI,NOTA) values ('2017','4','22751693R','1,28');
Insert into CURSA (ANHO,ID_MODULO,DNI,NOTA) values ('2017','5','22751693R','5,87');
Insert into CURSA (ANHO,ID_MODULO,DNI,NOTA) values ('2017','6','22751693R','6,96');
Insert into CURSA (ANHO,ID_MODULO,DNI,NOTA) values ('2017','0','13807088G','7,52');
Insert into CURSA (ANHO,ID_MODULO,DNI,NOTA) values ('2017','1','13807088G','9,04');
Insert into CURSA (ANHO,ID_MODULO,DNI,NOTA) values ('2017','2','13807088G','5,24');
Insert into CURSA (ANHO,ID_MODULO,DNI,NOTA) values ('2017','3','13807088G','6,89');
Insert into CURSA (ANHO,ID_MODULO,DNI,NOTA) values ('2017','4','13807088G','6,68');
Insert into CURSA (ANHO,ID_MODULO,DNI,NOTA) values ('2017','5','13807088G','5,91');
Insert into CURSA (ANHO,ID_MODULO,DNI,NOTA) values ('2017','6','13807088G','5,08');
Insert into CURSA (ANHO,ID_MODULO,DNI,NOTA) values ('2017','0','14687983E','0,53');
Insert into CURSA (ANHO,ID_MODULO,DNI,NOTA) values ('2017','1','14687983E','5,56');
Insert into CURSA (ANHO,ID_MODULO,DNI,NOTA) values ('2017','2','14687983E','6,49');
Insert into CURSA (ANHO,ID_MODULO,DNI,NOTA) values ('2017','3','14687983E','4,47');
Insert into CURSA (ANHO,ID_MODULO,DNI,NOTA) values ('2017','4','14687983E','6,27');
Insert into CURSA (ANHO,ID_MODULO,DNI,NOTA) values ('2017','5','14687983E','1,09');
Insert into CURSA (ANHO,ID_MODULO,DNI,NOTA) values ('2017','6','14687983E','4,22');
Insert into CURSA (ANHO,ID_MODULO,DNI,NOTA) values ('2017','0','44120113H','4,94');
Insert into CURSA (ANHO,ID_MODULO,DNI,NOTA) values ('2017','1','44120113H','2,47');
Insert into CURSA (ANHO,ID_MODULO,DNI,NOTA) values ('2017','2','44120113H','9,24');
Insert into CURSA (ANHO,ID_MODULO,DNI,NOTA) values ('2017','3','44120113H','4,15');
Insert into CURSA (ANHO,ID_MODULO,DNI,NOTA) values ('2017','4','44120113H','1,24');
Insert into CURSA (ANHO,ID_MODULO,DNI,NOTA) values ('2017','5','44120113H','7,25');
Insert into CURSA (ANHO,ID_MODULO,DNI,NOTA) values ('2017','6','44120113H','0,44');
Insert into CURSA (ANHO,ID_MODULO,DNI,NOTA) values ('2017','0','45735678V','4,89');
Insert into CURSA (ANHO,ID_MODULO,DNI,NOTA) values ('2017','1','45735678V','3,19');
Insert into CURSA (ANHO,ID_MODULO,DNI,NOTA) values ('2017','2','45735678V','6,23');
Insert into CURSA (ANHO,ID_MODULO,DNI,NOTA) values ('2017','3','45735678V','6,53');
Insert into CURSA (ANHO,ID_MODULO,DNI,NOTA) values ('2017','4','45735678V','7,07');
Insert into CURSA (ANHO,ID_MODULO,DNI,NOTA) values ('2017','5','45735678V','0,69');
Insert into CURSA (ANHO,ID_MODULO,DNI,NOTA) values ('2017','6','45735678V','0,73');
Insert into CURSA (ANHO,ID_MODULO,DNI,NOTA) values ('2017','0','84663473J','1,04');
Insert into CURSA (ANHO,ID_MODULO,DNI,NOTA) values ('2017','1','84663473J','3,04');
Insert into CURSA (ANHO,ID_MODULO,DNI,NOTA) values ('2017','2','84663473J','8,87');
Insert into CURSA (ANHO,ID_MODULO,DNI,NOTA) values ('2017','3','84663473J','2,38');
Insert into CURSA (ANHO,ID_MODULO,DNI,NOTA) values ('2017','4','84663473J','2,29');
Insert into CURSA (ANHO,ID_MODULO,DNI,NOTA) values ('2017','5','84663473J','5,36');
Insert into CURSA (ANHO,ID_MODULO,DNI,NOTA) values ('2017','6','84663473J','4,01');
Insert into CURSA (ANHO,ID_MODULO,DNI,NOTA) values ('2017','0','16253503R','4,46');
Insert into CURSA (ANHO,ID_MODULO,DNI,NOTA) values ('2017','1','16253503R','0,02');
Insert into CURSA (ANHO,ID_MODULO,DNI,NOTA) values ('2017','2','16253503R','9,65');
Insert into CURSA (ANHO,ID_MODULO,DNI,NOTA) values ('2017','3','16253503R','1,29');
Insert into CURSA (ANHO,ID_MODULO,DNI,NOTA) values ('2017','4','16253503R','4,67');
Insert into CURSA (ANHO,ID_MODULO,DNI,NOTA) values ('2017','5','16253503R','9,42');
Insert into CURSA (ANHO,ID_MODULO,DNI,NOTA) values ('2017','6','16253503R','0,8');
Insert into CURSA (ANHO,ID_MODULO,DNI,NOTA) values ('2017','0','14811873B','4,69');
Insert into CURSA (ANHO,ID_MODULO,DNI,NOTA) values ('2017','1','14811873B','8,88');
Insert into CURSA (ANHO,ID_MODULO,DNI,NOTA) values ('2017','2','14811873B','3,32');
Insert into CURSA (ANHO,ID_MODULO,DNI,NOTA) values ('2017','3','14811873B','0,05');
Insert into CURSA (ANHO,ID_MODULO,DNI,NOTA) values ('2017','4','14811873B','5,43');
Insert into CURSA (ANHO,ID_MODULO,DNI,NOTA) values ('2017','5','14811873B','0,37');
Insert into CURSA (ANHO,ID_MODULO,DNI,NOTA) values ('2017','6','14811873B','1,98');
Insert into CURSA (ANHO,ID_MODULO,DNI,NOTA) values ('2018','0','46122677H',null);
Insert into CURSA (ANHO,ID_MODULO,DNI,NOTA) values ('2018','1','46122677H',null);
Insert into CURSA (ANHO,ID_MODULO,DNI,NOTA) values ('2018','2','46122677H',null);
Insert into CURSA (ANHO,ID_MODULO,DNI,NOTA) values ('2018','3','46122677H',null);
Insert into CURSA (ANHO,ID_MODULO,DNI,NOTA) values ('2018','4','46122677H',null);
Insert into CURSA (ANHO,ID_MODULO,DNI,NOTA) values ('2018','5','46122677H',null);
Insert into CURSA (ANHO,ID_MODULO,DNI,NOTA) values ('2018','6','46122677H',null);
Insert into CURSA (ANHO,ID_MODULO,DNI,NOTA) values ('2018','0','24273604W',null);
Insert into CURSA (ANHO,ID_MODULO,DNI,NOTA) values ('2018','1','24273604W',null);
Insert into CURSA (ANHO,ID_MODULO,DNI,NOTA) values ('2018','2','24273604W',null);
Insert into CURSA (ANHO,ID_MODULO,DNI,NOTA) values ('2018','3','24273604W',null);
Insert into CURSA (ANHO,ID_MODULO,DNI,NOTA) values ('2018','4','24273604W',null);
Insert into CURSA (ANHO,ID_MODULO,DNI,NOTA) values ('2018','5','24273604W',null);
Insert into CURSA (ANHO,ID_MODULO,DNI,NOTA) values ('2018','6','24273604W',null);
Insert into CURSA (ANHO,ID_MODULO,DNI,NOTA) values ('2018','0','11847936S',null);
Insert into CURSA (ANHO,ID_MODULO,DNI,NOTA) values ('2018','1','11847936S',null);
Insert into CURSA (ANHO,ID_MODULO,DNI,NOTA) values ('2018','2','11847936S',null);
Insert into CURSA (ANHO,ID_MODULO,DNI,NOTA) values ('2018','3','11847936S',null);
Insert into CURSA (ANHO,ID_MODULO,DNI,NOTA) values ('2018','4','11847936S',null);
Insert into CURSA (ANHO,ID_MODULO,DNI,NOTA) values ('2018','5','11847936S',null);
Insert into CURSA (ANHO,ID_MODULO,DNI,NOTA) values ('2018','6','11847936S',null);
Insert into CURSA (ANHO,ID_MODULO,DNI,NOTA) values ('2018','0','41328862R',null);
Insert into CURSA (ANHO,ID_MODULO,DNI,NOTA) values ('2018','1','41328862R',null);
Insert into CURSA (ANHO,ID_MODULO,DNI,NOTA) values ('2018','2','41328862R',null);
Insert into CURSA (ANHO,ID_MODULO,DNI,NOTA) values ('2018','3','41328862R',null);
Insert into CURSA (ANHO,ID_MODULO,DNI,NOTA) values ('2018','4','41328862R',null);
Insert into CURSA (ANHO,ID_MODULO,DNI,NOTA) values ('2016','13','40898977D','7,06');
Insert into CURSA (ANHO,ID_MODULO,DNI,NOTA) values ('2016','14','40898977D','4,65');
Insert into CURSA (ANHO,ID_MODULO,DNI,NOTA) values ('2016','15','40898977D','8,82');
Insert into CURSA (ANHO,ID_MODULO,DNI,NOTA) values ('2016','16','40898977D','8,73');
Insert into CURSA (ANHO,ID_MODULO,DNI,NOTA) values ('2016','17','40898977D','6,86');
Insert into CURSA (ANHO,ID_MODULO,DNI,NOTA) values ('2016','13','64179971N','9,03');
Insert into CURSA (ANHO,ID_MODULO,DNI,NOTA) values ('2016','14','64179971N','7,05');
Insert into CURSA (ANHO,ID_MODULO,DNI,NOTA) values ('2016','15','64179971N','8,03');
Insert into CURSA (ANHO,ID_MODULO,DNI,NOTA) values ('2016','16','64179971N','6,45');
Insert into CURSA (ANHO,ID_MODULO,DNI,NOTA) values ('2016','17','64179971N','6,58');
Insert into CURSA (ANHO,ID_MODULO,DNI,NOTA) values ('2016','13','40398226Z','6,65');
Insert into CURSA (ANHO,ID_MODULO,DNI,NOTA) values ('2016','14','40398226Z','5,62');
Insert into CURSA (ANHO,ID_MODULO,DNI,NOTA) values ('2016','15','40398226Z','8,84');
Insert into CURSA (ANHO,ID_MODULO,DNI,NOTA) values ('2016','16','40398226Z','8,79');
Insert into CURSA (ANHO,ID_MODULO,DNI,NOTA) values ('2016','17','40398226Z','9,16');
Insert into CURSA (ANHO,ID_MODULO,DNI,NOTA) values ('2016','13','43693651E','9,39');
Insert into CURSA (ANHO,ID_MODULO,DNI,NOTA) values ('2016','14','43693651E','4,63');
Insert into CURSA (ANHO,ID_MODULO,DNI,NOTA) values ('2016','15','43693651E','6,87');
Insert into CURSA (ANHO,ID_MODULO,DNI,NOTA) values ('2016','16','43693651E','6,06');
Insert into CURSA (ANHO,ID_MODULO,DNI,NOTA) values ('2016','17','43693651E','5,31');
Insert into CURSA (ANHO,ID_MODULO,DNI,NOTA) values ('2016','13','66815772J','9,95');
Insert into CURSA (ANHO,ID_MODULO,DNI,NOTA) values ('2016','14','66815772J','5,24');
Insert into CURSA (ANHO,ID_MODULO,DNI,NOTA) values ('2016','15','66815772J','5,45');
Insert into CURSA (ANHO,ID_MODULO,DNI,NOTA) values ('2016','16','66815772J','6,53');
Insert into CURSA (ANHO,ID_MODULO,DNI,NOTA) values ('2016','17','66815772J','9,18');
Insert into CURSA (ANHO,ID_MODULO,DNI,NOTA) values ('2016','13','39988795Y','9,26');
Insert into CURSA (ANHO,ID_MODULO,DNI,NOTA) values ('2016','14','39988795Y','9,64');
Insert into CURSA (ANHO,ID_MODULO,DNI,NOTA) values ('2016','15','39988795Y','5,09');
Insert into CURSA (ANHO,ID_MODULO,DNI,NOTA) values ('2016','16','39988795Y','7,84');
Insert into CURSA (ANHO,ID_MODULO,DNI,NOTA) values ('2016','17','39988795Y','6,44');
Insert into CURSA (ANHO,ID_MODULO,DNI,NOTA) values ('2016','13','12774836S','9,15');
Insert into CURSA (ANHO,ID_MODULO,DNI,NOTA) values ('2016','14','12774836S','9,39');
Insert into CURSA (ANHO,ID_MODULO,DNI,NOTA) values ('2016','15','12774836S','9,03');
Insert into CURSA (ANHO,ID_MODULO,DNI,NOTA) values ('2016','16','12774836S','9,2');
Insert into CURSA (ANHO,ID_MODULO,DNI,NOTA) values ('2016','17','12774836S','9,78');
Insert into CURSA (ANHO,ID_MODULO,DNI,NOTA) values ('2016','13','15205091K','9,07');
Insert into CURSA (ANHO,ID_MODULO,DNI,NOTA) values ('2016','14','15205091K','9,93');
Insert into CURSA (ANHO,ID_MODULO,DNI,NOTA) values ('2016','15','15205091K','8,31');
Insert into CURSA (ANHO,ID_MODULO,DNI,NOTA) values ('2016','16','15205091K','5,26');
Insert into CURSA (ANHO,ID_MODULO,DNI,NOTA) values ('2016','17','15205091K','9,99');
Insert into CURSA (ANHO,ID_MODULO,DNI,NOTA) values ('2016','13','43839652L','9,35');
Insert into CURSA (ANHO,ID_MODULO,DNI,NOTA) values ('2016','14','43839652L','5,21');
Insert into CURSA (ANHO,ID_MODULO,DNI,NOTA) values ('2016','15','43839652L','9,75');
Insert into CURSA (ANHO,ID_MODULO,DNI,NOTA) values ('2016','16','43839652L','8,11');
Insert into CURSA (ANHO,ID_MODULO,DNI,NOTA) values ('2016','17','43839652L','5,65');
Insert into CURSA (ANHO,ID_MODULO,DNI,NOTA) values ('2016','13','40841201D','7,98');
Insert into CURSA (ANHO,ID_MODULO,DNI,NOTA) values ('2016','14','40841201D','9,31');
Insert into CURSA (ANHO,ID_MODULO,DNI,NOTA) values ('2016','15','40841201D','8,43');
Insert into CURSA (ANHO,ID_MODULO,DNI,NOTA) values ('2016','16','40841201D','7,57');
Insert into CURSA (ANHO,ID_MODULO,DNI,NOTA) values ('2016','17','40841201D','4,73');
Insert into CURSA (ANHO,ID_MODULO,DNI,NOTA) values ('2017','18','40898977D','3,7');
Insert into CURSA (ANHO,ID_MODULO,DNI,NOTA) values ('2017','19','40898977D','4,53');
Insert into CURSA (ANHO,ID_MODULO,DNI,NOTA) values ('2017','20','40898977D','6,04');
Insert into CURSA (ANHO,ID_MODULO,DNI,NOTA) values ('2017','21','40898977D','4,92');
Insert into CURSA (ANHO,ID_MODULO,DNI,NOTA) values ('2017','22','40898977D','6');
Insert into CURSA (ANHO,ID_MODULO,DNI,NOTA) values ('2017','23','40898977D','5,14');
Insert into CURSA (ANHO,ID_MODULO,DNI,NOTA) values ('2017','18','64179971N','3,42');
Insert into CURSA (ANHO,ID_MODULO,DNI,NOTA) values ('2017','19','64179971N','6,27');
Insert into CURSA (ANHO,ID_MODULO,DNI,NOTA) values ('2017','20','64179971N','8,94');
Insert into CURSA (ANHO,ID_MODULO,DNI,NOTA) values ('2017','21','64179971N','0,34');
Insert into CURSA (ANHO,ID_MODULO,DNI,NOTA) values ('2017','22','64179971N','8,42');
Insert into CURSA (ANHO,ID_MODULO,DNI,NOTA) values ('2017','23','64179971N','8,28');
Insert into CURSA (ANHO,ID_MODULO,DNI,NOTA) values ('2017','18','40398226Z','8,72');
Insert into CURSA (ANHO,ID_MODULO,DNI,NOTA) values ('2017','19','40398226Z','9,57');
Insert into CURSA (ANHO,ID_MODULO,DNI,NOTA) values ('2017','20','40398226Z','7,39');
Insert into CURSA (ANHO,ID_MODULO,DNI,NOTA) values ('2017','21','40398226Z','5,11');
Insert into CURSA (ANHO,ID_MODULO,DNI,NOTA) values ('2017','22','40398226Z','1,14');
Insert into CURSA (ANHO,ID_MODULO,DNI,NOTA) values ('2017','23','40398226Z','4,14');
Insert into CURSA (ANHO,ID_MODULO,DNI,NOTA) values ('2017','18','43693651E','3,72');
Insert into CURSA (ANHO,ID_MODULO,DNI,NOTA) values ('2017','19','43693651E','5,08');
Insert into CURSA (ANHO,ID_MODULO,DNI,NOTA) values ('2017','20','43693651E','9,27');
Insert into CURSA (ANHO,ID_MODULO,DNI,NOTA) values ('2017','21','43693651E','0,3');
Insert into CURSA (ANHO,ID_MODULO,DNI,NOTA) values ('2017','22','43693651E','7,23');
Insert into CURSA (ANHO,ID_MODULO,DNI,NOTA) values ('2017','23','43693651E','8,5');
Insert into CURSA (ANHO,ID_MODULO,DNI,NOTA) values ('2017','18','66815772J','6,47');
Insert into CURSA (ANHO,ID_MODULO,DNI,NOTA) values ('2017','19','66815772J','8,09');
Insert into CURSA (ANHO,ID_MODULO,DNI,NOTA) values ('2017','20','66815772J','7,28');
Insert into CURSA (ANHO,ID_MODULO,DNI,NOTA) values ('2017','21','66815772J','9,63');
Insert into CURSA (ANHO,ID_MODULO,DNI,NOTA) values ('2017','22','66815772J','7,06');
Insert into CURSA (ANHO,ID_MODULO,DNI,NOTA) values ('2017','23','66815772J','9,95');
Insert into CURSA (ANHO,ID_MODULO,DNI,NOTA) values ('2017','18','39988795Y','0,48');
Insert into CURSA (ANHO,ID_MODULO,DNI,NOTA) values ('2017','19','39988795Y','9,14');
Insert into CURSA (ANHO,ID_MODULO,DNI,NOTA) values ('2017','20','39988795Y','2,94');
Insert into CURSA (ANHO,ID_MODULO,DNI,NOTA) values ('2017','21','39988795Y','1,94');
Insert into CURSA (ANHO,ID_MODULO,DNI,NOTA) values ('2017','22','39988795Y','4,27');
Insert into CURSA (ANHO,ID_MODULO,DNI,NOTA) values ('2017','23','39988795Y','7,11');
Insert into CURSA (ANHO,ID_MODULO,DNI,NOTA) values ('2017','18','12774836S','0,91');
Insert into CURSA (ANHO,ID_MODULO,DNI,NOTA) values ('2017','19','12774836S','1,52');
Insert into CURSA (ANHO,ID_MODULO,DNI,NOTA) values ('2017','20','12774836S','0,96');
Insert into CURSA (ANHO,ID_MODULO,DNI,NOTA) values ('2017','21','12774836S','7,04');
Insert into CURSA (ANHO,ID_MODULO,DNI,NOTA) values ('2017','22','12774836S','9,27');
Insert into CURSA (ANHO,ID_MODULO,DNI,NOTA) values ('2017','23','12774836S','7,86');
Insert into CURSA (ANHO,ID_MODULO,DNI,NOTA) values ('2017','18','15205091K','5,48');
Insert into CURSA (ANHO,ID_MODULO,DNI,NOTA) values ('2017','19','15205091K','8');
Insert into CURSA (ANHO,ID_MODULO,DNI,NOTA) values ('2017','20','15205091K','7,02');
Insert into CURSA (ANHO,ID_MODULO,DNI,NOTA) values ('2017','21','15205091K','4,87');
Insert into CURSA (ANHO,ID_MODULO,DNI,NOTA) values ('2017','22','15205091K','1,72');
Insert into CURSA (ANHO,ID_MODULO,DNI,NOTA) values ('2017','23','15205091K','5,68');
Insert into CURSA (ANHO,ID_MODULO,DNI,NOTA) values ('2017','18','43839652L','1,03');
Insert into CURSA (ANHO,ID_MODULO,DNI,NOTA) values ('2017','19','43839652L','2,13');
Insert into CURSA (ANHO,ID_MODULO,DNI,NOTA) values ('2017','20','43839652L','8,55');
Insert into CURSA (ANHO,ID_MODULO,DNI,NOTA) values ('2017','21','43839652L','2,8');
Insert into CURSA (ANHO,ID_MODULO,DNI,NOTA) values ('2017','22','43839652L','8,93');
Insert into CURSA (ANHO,ID_MODULO,DNI,NOTA) values ('2017','23','43839652L','6,35');
Insert into CURSA (ANHO,ID_MODULO,DNI,NOTA) values ('2017','18','40841201D','7,18');
Insert into CURSA (ANHO,ID_MODULO,DNI,NOTA) values ('2017','19','40841201D','6,14');
Insert into CURSA (ANHO,ID_MODULO,DNI,NOTA) values ('2017','20','40841201D','6,49');
Insert into CURSA (ANHO,ID_MODULO,DNI,NOTA) values ('2017','21','40841201D','4,22');
Insert into CURSA (ANHO,ID_MODULO,DNI,NOTA) values ('2017','22','40841201D','5,12');
Insert into CURSA (ANHO,ID_MODULO,DNI,NOTA) values ('2017','23','40841201D','0,38');
Insert into CURSA (ANHO,ID_MODULO,DNI,NOTA) values ('2016','24','47326978Q','7,48');
Insert into CURSA (ANHO,ID_MODULO,DNI,NOTA) values ('2016','25','47326978Q','8,9');
Insert into CURSA (ANHO,ID_MODULO,DNI,NOTA) values ('2016','26','47326978Q','5,75');
Insert into CURSA (ANHO,ID_MODULO,DNI,NOTA) values ('2016','27','47326978Q','6,78');
Insert into CURSA (ANHO,ID_MODULO,DNI,NOTA) values ('2016','28','47326978Q','8,48');
Insert into CURSA (ANHO,ID_MODULO,DNI,NOTA) values ('2016','29','47326978Q','6,44');
Insert into CURSA (ANHO,ID_MODULO,DNI,NOTA) values ('2016','30','47326978Q','5,98');
Insert into CURSA (ANHO,ID_MODULO,DNI,NOTA) values ('2016','24','68154384W','4,07');
Insert into CURSA (ANHO,ID_MODULO,DNI,NOTA) values ('2016','25','68154384W','9,79');
Insert into CURSA (ANHO,ID_MODULO,DNI,NOTA) values ('2016','26','68154384W','8,93');
Insert into CURSA (ANHO,ID_MODULO,DNI,NOTA) values ('2016','27','68154384W','9,21');
Insert into CURSA (ANHO,ID_MODULO,DNI,NOTA) values ('2016','28','68154384W','9,59');
Insert into CURSA (ANHO,ID_MODULO,DNI,NOTA) values ('2016','29','68154384W','4,9');
Insert into CURSA (ANHO,ID_MODULO,DNI,NOTA) values ('2016','30','68154384W','5,08');
Insert into CURSA (ANHO,ID_MODULO,DNI,NOTA) values ('2016','24','13822863R','4,9');
Insert into CURSA (ANHO,ID_MODULO,DNI,NOTA) values ('2016','25','13822863R','8,93');
Insert into CURSA (ANHO,ID_MODULO,DNI,NOTA) values ('2016','26','13822863R','6,33');
Insert into CURSA (ANHO,ID_MODULO,DNI,NOTA) values ('2016','27','13822863R','8,51');
Insert into CURSA (ANHO,ID_MODULO,DNI,NOTA) values ('2016','28','13822863R','4,98');
Insert into CURSA (ANHO,ID_MODULO,DNI,NOTA) values ('2016','29','13822863R','5,27');
Insert into CURSA (ANHO,ID_MODULO,DNI,NOTA) values ('2016','30','13822863R','9,51');
Insert into CURSA (ANHO,ID_MODULO,DNI,NOTA) values ('2016','24','49968392H','7,86');
Insert into CURSA (ANHO,ID_MODULO,DNI,NOTA) values ('2016','25','49968392H','6,5');
Insert into CURSA (ANHO,ID_MODULO,DNI,NOTA) values ('2016','26','49968392H','8,83');
Insert into CURSA (ANHO,ID_MODULO,DNI,NOTA) values ('2016','27','49968392H','5,7');
Insert into CURSA (ANHO,ID_MODULO,DNI,NOTA) values ('2016','28','49968392H','9,33');
Insert into CURSA (ANHO,ID_MODULO,DNI,NOTA) values ('2016','29','49968392H','4,57');
Insert into CURSA (ANHO,ID_MODULO,DNI,NOTA) values ('2016','30','49968392H','9,06');
Insert into CURSA (ANHO,ID_MODULO,DNI,NOTA) values ('2016','24','16091551S','7,94');
Insert into CURSA (ANHO,ID_MODULO,DNI,NOTA) values ('2016','25','16091551S','6');
Insert into CURSA (ANHO,ID_MODULO,DNI,NOTA) values ('2016','26','16091551S','6,13');
Insert into CURSA (ANHO,ID_MODULO,DNI,NOTA) values ('2016','27','16091551S','9,91');
Insert into CURSA (ANHO,ID_MODULO,DNI,NOTA) values ('2016','28','16091551S','7,43');
Insert into CURSA (ANHO,ID_MODULO,DNI,NOTA) values ('2016','29','16091551S','4,25');
Insert into CURSA (ANHO,ID_MODULO,DNI,NOTA) values ('2016','30','16091551S','5,12');
Insert into CURSA (ANHO,ID_MODULO,DNI,NOTA) values ('2016','24','27048732L','6,46');
Insert into CURSA (ANHO,ID_MODULO,DNI,NOTA) values ('2016','25','27048732L','7,18');
Insert into CURSA (ANHO,ID_MODULO,DNI,NOTA) values ('2016','26','27048732L','8,13');
Insert into CURSA (ANHO,ID_MODULO,DNI,NOTA) values ('2016','27','27048732L','6,49');
Insert into CURSA (ANHO,ID_MODULO,DNI,NOTA) values ('2016','28','27048732L','4,75');
Insert into CURSA (ANHO,ID_MODULO,DNI,NOTA) values ('2016','29','27048732L','5,48');
Insert into CURSA (ANHO,ID_MODULO,DNI,NOTA) values ('2016','10','19036083H','4,91');
Insert into CURSA (ANHO,ID_MODULO,DNI,NOTA) values ('2016','11','19036083H','6,19');
Insert into CURSA (ANHO,ID_MODULO,DNI,NOTA) values ('2016','12','19036083H','5,65');
Insert into CURSA (ANHO,ID_MODULO,DNI,NOTA) values ('2016','7','19036083H','5,62');
Insert into CURSA (ANHO,ID_MODULO,DNI,NOTA) values ('2016','8','36536455N','4,9');
Insert into CURSA (ANHO,ID_MODULO,DNI,NOTA) values ('2016','9','36536455N','7,88');
Insert into CURSA (ANHO,ID_MODULO,DNI,NOTA) values ('2016','10','36536455N','6,49');
Insert into CURSA (ANHO,ID_MODULO,DNI,NOTA) values ('2016','11','36536455N','4,01');
Insert into CURSA (ANHO,ID_MODULO,DNI,NOTA) values ('2016','12','36536455N','8,97');
Insert into CURSA (ANHO,ID_MODULO,DNI,NOTA) values ('2016','7','36536455N','9,73');
Insert into CURSA (ANHO,ID_MODULO,DNI,NOTA) values ('2016','8','22864722P','5,94');
Insert into CURSA (ANHO,ID_MODULO,DNI,NOTA) values ('2016','9','22864722P','4,01');
Insert into CURSA (ANHO,ID_MODULO,DNI,NOTA) values ('2016','10','22864722P','6,74');
Insert into CURSA (ANHO,ID_MODULO,DNI,NOTA) values ('2016','11','22864722P','9,71');
Insert into CURSA (ANHO,ID_MODULO,DNI,NOTA) values ('2016','12','22864722P','5,39');
Insert into CURSA (ANHO,ID_MODULO,DNI,NOTA) values ('2016','7','22864722P','5,91');
Insert into CURSA (ANHO,ID_MODULO,DNI,NOTA) values ('2016','8','32594807N','7,9');
Insert into CURSA (ANHO,ID_MODULO,DNI,NOTA) values ('2016','9','32594807N','9,22');
Insert into CURSA (ANHO,ID_MODULO,DNI,NOTA) values ('2016','10','32594807N','9,36');
Insert into CURSA (ANHO,ID_MODULO,DNI,NOTA) values ('2016','11','32594807N','8,39');
Insert into CURSA (ANHO,ID_MODULO,DNI,NOTA) values ('2016','12','32594807N','9,03');
Insert into CURSA (ANHO,ID_MODULO,DNI,NOTA) values ('2016','7','32594807N','6,95');
Insert into CURSA (ANHO,ID_MODULO,DNI,NOTA) values ('2016','8','41953078C','9,35');
Insert into CURSA (ANHO,ID_MODULO,DNI,NOTA) values ('2016','9','41953078C','8,67');
Insert into CURSA (ANHO,ID_MODULO,DNI,NOTA) values ('2016','10','41953078C','7,8');
Insert into CURSA (ANHO,ID_MODULO,DNI,NOTA) values ('2016','11','41953078C','4,76');
Insert into CURSA (ANHO,ID_MODULO,DNI,NOTA) values ('2016','12','41953078C','9,88');
Insert into CURSA (ANHO,ID_MODULO,DNI,NOTA) values ('2016','7','41953078C','6,31');
Insert into CURSA (ANHO,ID_MODULO,DNI,NOTA) values ('2016','8','32832598Y','4,61');
Insert into CURSA (ANHO,ID_MODULO,DNI,NOTA) values ('2016','9','32832598Y','8,82');
Insert into CURSA (ANHO,ID_MODULO,DNI,NOTA) values ('2016','10','32832598Y','9,21');
Insert into CURSA (ANHO,ID_MODULO,DNI,NOTA) values ('2016','11','32832598Y','7,63');
Insert into CURSA (ANHO,ID_MODULO,DNI,NOTA) values ('2016','12','32832598Y','7,5');
Insert into CURSA (ANHO,ID_MODULO,DNI,NOTA) values ('2016','7','32832598Y','7,5');
Insert into CURSA (ANHO,ID_MODULO,DNI,NOTA) values ('2016','8','46584875P','5,09');
Insert into CURSA (ANHO,ID_MODULO,DNI,NOTA) values ('2016','9','46584875P','4,33');
Insert into CURSA (ANHO,ID_MODULO,DNI,NOTA) values ('2016','10','46584875P','9,83');
Insert into CURSA (ANHO,ID_MODULO,DNI,NOTA) values ('2016','11','46584875P','7,78');
Insert into CURSA (ANHO,ID_MODULO,DNI,NOTA) values ('2016','12','46584875P','9,89');
Insert into CURSA (ANHO,ID_MODULO,DNI,NOTA) values ('2016','7','46584875P','4,97');
Insert into CURSA (ANHO,ID_MODULO,DNI,NOTA) values ('2016','8','14402143A','7,39');
Insert into CURSA (ANHO,ID_MODULO,DNI,NOTA) values ('2016','9','14402143A','5,98');
Insert into CURSA (ANHO,ID_MODULO,DNI,NOTA) values ('2016','10','14402143A','4,32');
Insert into CURSA (ANHO,ID_MODULO,DNI,NOTA) values ('2016','11','14402143A','7,22');
Insert into CURSA (ANHO,ID_MODULO,DNI,NOTA) values ('2016','12','14402143A','6,75');
Insert into CURSA (ANHO,ID_MODULO,DNI,NOTA) values ('2016','7','14402143A','7,5');
Insert into CURSA (ANHO,ID_MODULO,DNI,NOTA) values ('2016','8','15606952A','6,43');
Insert into CURSA (ANHO,ID_MODULO,DNI,NOTA) values ('2016','9','15606952A','6,13');
Insert into CURSA (ANHO,ID_MODULO,DNI,NOTA) values ('2016','10','15606952A','4,89');
Insert into CURSA (ANHO,ID_MODULO,DNI,NOTA) values ('2016','11','15606952A','4,81');
Insert into CURSA (ANHO,ID_MODULO,DNI,NOTA) values ('2016','12','15606952A','9,13');
Insert into CURSA (ANHO,ID_MODULO,DNI,NOTA) values ('2016','7','15606952A','9,22');
Insert into CURSA (ANHO,ID_MODULO,DNI,NOTA) values ('2016','8','21657711Z','7');
Insert into CURSA (ANHO,ID_MODULO,DNI,NOTA) values ('2016','9','21657711Z','7,88');
Insert into CURSA (ANHO,ID_MODULO,DNI,NOTA) values ('2016','10','21657711Z','5,75');
Insert into CURSA (ANHO,ID_MODULO,DNI,NOTA) values ('2016','11','21657711Z','9,16');
Insert into CURSA (ANHO,ID_MODULO,DNI,NOTA) values ('2016','12','21657711Z','6,76');
Insert into CURSA (ANHO,ID_MODULO,DNI,NOTA) values ('2016','7','21657711Z','4,45');
Insert into CURSA (ANHO,ID_MODULO,DNI,NOTA) values ('2016','8','13873611B','5,5');
Insert into CURSA (ANHO,ID_MODULO,DNI,NOTA) values ('2016','9','13873611B','4,41');
Insert into CURSA (ANHO,ID_MODULO,DNI,NOTA) values ('2016','10','13873611B','9,75');
Insert into CURSA (ANHO,ID_MODULO,DNI,NOTA) values ('2016','11','13873611B','8,68');
Insert into CURSA (ANHO,ID_MODULO,DNI,NOTA) values ('2016','12','13873611B','8,32');
Insert into CURSA (ANHO,ID_MODULO,DNI,NOTA) values ('2016','7','13873611B','6,8');
Insert into CURSA (ANHO,ID_MODULO,DNI,NOTA) values ('2016','8','30929386K','5,29');
Insert into CURSA (ANHO,ID_MODULO,DNI,NOTA) values ('2016','9','30929386K','8,35');
Insert into CURSA (ANHO,ID_MODULO,DNI,NOTA) values ('2016','10','30929386K','8,19');
Insert into CURSA (ANHO,ID_MODULO,DNI,NOTA) values ('2016','11','30929386K','6,87');
Insert into CURSA (ANHO,ID_MODULO,DNI,NOTA) values ('2016','12','30929386K','5,87');
Insert into CURSA (ANHO,ID_MODULO,DNI,NOTA) values ('2016','7','30929386K','4,55');
Insert into CURSA (ANHO,ID_MODULO,DNI,NOTA) values ('2016','8','25117245A','8,93');
Insert into CURSA (ANHO,ID_MODULO,DNI,NOTA) values ('2016','9','25117245A','4,76');
Insert into CURSA (ANHO,ID_MODULO,DNI,NOTA) values ('2016','10','25117245A','5,32');
Insert into CURSA (ANHO,ID_MODULO,DNI,NOTA) values ('2016','11','25117245A','7,16');
Insert into CURSA (ANHO,ID_MODULO,DNI,NOTA) values ('2016','12','25117245A','7,72');
Insert into CURSA (ANHO,ID_MODULO,DNI,NOTA) values ('2016','7','25117245A','6,79');
Insert into CURSA (ANHO,ID_MODULO,DNI,NOTA) values ('2016','8','22751693R','7,95');
Insert into CURSA (ANHO,ID_MODULO,DNI,NOTA) values ('2016','9','22751693R','6,32');
Insert into CURSA (ANHO,ID_MODULO,DNI,NOTA) values ('2016','8','19036083H','7,22');
Insert into CURSA (ANHO,ID_MODULO,DNI,NOTA) values ('2016','9','19036083H','4,51');
Insert into CURSA (ANHO,ID_MODULO,DNI,NOTA) values ('2016','10','22751693R','5,71');
Insert into CURSA (ANHO,ID_MODULO,DNI,NOTA) values ('2016','11','22751693R','7,07');
Insert into CURSA (ANHO,ID_MODULO,DNI,NOTA) values ('2016','12','22751693R','4,52');
Insert into CURSA (ANHO,ID_MODULO,DNI,NOTA) values ('2016','7','22751693R','5,42');
Insert into CURSA (ANHO,ID_MODULO,DNI,NOTA) values ('2016','8','13807088G','7,59');
Insert into CURSA (ANHO,ID_MODULO,DNI,NOTA) values ('2016','9','13807088G','6,19');
Insert into CURSA (ANHO,ID_MODULO,DNI,NOTA) values ('2016','10','13807088G','9,19');
Insert into CURSA (ANHO,ID_MODULO,DNI,NOTA) values ('2016','11','13807088G','4,29');
Insert into CURSA (ANHO,ID_MODULO,DNI,NOTA) values ('2016','12','13807088G','7,83');
Insert into CURSA (ANHO,ID_MODULO,DNI,NOTA) values ('2016','7','13807088G','4,89');
Insert into CURSA (ANHO,ID_MODULO,DNI,NOTA) values ('2016','8','14687983E','4,57');
Insert into CURSA (ANHO,ID_MODULO,DNI,NOTA) values ('2016','9','14687983E','7,42');
Insert into CURSA (ANHO,ID_MODULO,DNI,NOTA) values ('2016','10','14687983E','4,86');
Insert into CURSA (ANHO,ID_MODULO,DNI,NOTA) values ('2016','11','14687983E','9,29');
Insert into CURSA (ANHO,ID_MODULO,DNI,NOTA) values ('2016','12','14687983E','9,78');
Insert into CURSA (ANHO,ID_MODULO,DNI,NOTA) values ('2016','7','14687983E','7,16');
Insert into CURSA (ANHO,ID_MODULO,DNI,NOTA) values ('2016','8','44120113H','9,76');
Insert into CURSA (ANHO,ID_MODULO,DNI,NOTA) values ('2016','9','44120113H','6,72');
Insert into CURSA (ANHO,ID_MODULO,DNI,NOTA) values ('2016','10','44120113H','6,72');
Insert into CURSA (ANHO,ID_MODULO,DNI,NOTA) values ('2016','11','44120113H','6,49');
Insert into CURSA (ANHO,ID_MODULO,DNI,NOTA) values ('2016','12','44120113H','9,01');
Insert into CURSA (ANHO,ID_MODULO,DNI,NOTA) values ('2016','7','44120113H','6,35');
Insert into CURSA (ANHO,ID_MODULO,DNI,NOTA) values ('2016','8','45735678V','4,85');
Insert into CURSA (ANHO,ID_MODULO,DNI,NOTA) values ('2016','9','45735678V','9,64');
Insert into CURSA (ANHO,ID_MODULO,DNI,NOTA) values ('2016','10','45735678V','9,62');
Insert into CURSA (ANHO,ID_MODULO,DNI,NOTA) values ('2016','11','45735678V','5,34');
Insert into CURSA (ANHO,ID_MODULO,DNI,NOTA) values ('2016','12','45735678V','6,54');
Insert into CURSA (ANHO,ID_MODULO,DNI,NOTA) values ('2016','7','45735678V','5,54');
Insert into CURSA (ANHO,ID_MODULO,DNI,NOTA) values ('2016','8','84663473J','9,05');
Insert into CURSA (ANHO,ID_MODULO,DNI,NOTA) values ('2016','9','84663473J','9');
Insert into CURSA (ANHO,ID_MODULO,DNI,NOTA) values ('2016','10','84663473J','9,54');
Insert into CURSA (ANHO,ID_MODULO,DNI,NOTA) values ('2016','11','84663473J','7,26');
Insert into CURSA (ANHO,ID_MODULO,DNI,NOTA) values ('2016','12','84663473J','6,61');
Insert into CURSA (ANHO,ID_MODULO,DNI,NOTA) values ('2016','7','84663473J','6,41');
Insert into CURSA (ANHO,ID_MODULO,DNI,NOTA) values ('2016','8','16253503R','4,13');
Insert into CURSA (ANHO,ID_MODULO,DNI,NOTA) values ('2016','9','16253503R','8,05');
Insert into CURSA (ANHO,ID_MODULO,DNI,NOTA) values ('2016','10','16253503R','4,76');
Insert into CURSA (ANHO,ID_MODULO,DNI,NOTA) values ('2016','11','16253503R','4,75');
Insert into CURSA (ANHO,ID_MODULO,DNI,NOTA) values ('2016','12','16253503R','6,41');
Insert into CURSA (ANHO,ID_MODULO,DNI,NOTA) values ('2016','7','16253503R','4,29');
Insert into CURSA (ANHO,ID_MODULO,DNI,NOTA) values ('2016','8','14811873B','9,83');
Insert into CURSA (ANHO,ID_MODULO,DNI,NOTA) values ('2016','9','14811873B','5,24');
Insert into CURSA (ANHO,ID_MODULO,DNI,NOTA) values ('2016','10','14811873B','5,77');
Insert into CURSA (ANHO,ID_MODULO,DNI,NOTA) values ('2016','11','14811873B','4,43');
Insert into CURSA (ANHO,ID_MODULO,DNI,NOTA) values ('2016','12','14811873B','9,25');
Insert into CURSA (ANHO,ID_MODULO,DNI,NOTA) values ('2016','7','14811873B','5,83');
Insert into CURSA (ANHO,ID_MODULO,DNI,NOTA) values ('2017','0','19036083H','5,92');
Insert into CURSA (ANHO,ID_MODULO,DNI,NOTA) values ('2017','1','19036083H','0,81');
Insert into CURSA (ANHO,ID_MODULO,DNI,NOTA) values ('2017','2','19036083H','7,84');
Insert into CURSA (ANHO,ID_MODULO,DNI,NOTA) values ('2017','3','19036083H','8,95');
Insert into CURSA (ANHO,ID_MODULO,DNI,NOTA) values ('2017','4','19036083H','3,52');
Insert into CURSA (ANHO,ID_MODULO,DNI,NOTA) values ('2017','5','19036083H','9,76');
Insert into CURSA (ANHO,ID_MODULO,DNI,NOTA) values ('2017','6','19036083H','9,13');
Insert into CURSA (ANHO,ID_MODULO,DNI,NOTA) values ('2017','0','36536455N','8,4');
Insert into CURSA (ANHO,ID_MODULO,DNI,NOTA) values ('2017','1','36536455N','2,79');
Insert into CURSA (ANHO,ID_MODULO,DNI,NOTA) values ('2017','2','36536455N','2,5');
Insert into CURSA (ANHO,ID_MODULO,DNI,NOTA) values ('2017','3','36536455N','3,64');
Insert into CURSA (ANHO,ID_MODULO,DNI,NOTA) values ('2017','4','36536455N','7,71');
Insert into CURSA (ANHO,ID_MODULO,DNI,NOTA) values ('2017','5','36536455N','6,72');
Insert into CURSA (ANHO,ID_MODULO,DNI,NOTA) values ('2017','6','36536455N','5,71');
Insert into CURSA (ANHO,ID_MODULO,DNI,NOTA) values ('2017','0','22864722P','1,63');
Insert into CURSA (ANHO,ID_MODULO,DNI,NOTA) values ('2017','1','22864722P','7,72');
Insert into CURSA (ANHO,ID_MODULO,DNI,NOTA) values ('2017','2','22864722P','9,53');
Insert into CURSA (ANHO,ID_MODULO,DNI,NOTA) values ('2017','3','22864722P','6,1');
Insert into CURSA (ANHO,ID_MODULO,DNI,NOTA) values ('2017','4','22864722P','6,56');
Insert into CURSA (ANHO,ID_MODULO,DNI,NOTA) values ('2017','5','22864722P','2,31');
Insert into CURSA (ANHO,ID_MODULO,DNI,NOTA) values ('2017','6','22864722P','3,74');
Insert into CURSA (ANHO,ID_MODULO,DNI,NOTA) values ('2017','0','32594807N','3,25');
Insert into CURSA (ANHO,ID_MODULO,DNI,NOTA) values ('2017','1','32594807N','4,2');
Insert into CURSA (ANHO,ID_MODULO,DNI,NOTA) values ('2017','2','32594807N','6,83');
Insert into CURSA (ANHO,ID_MODULO,DNI,NOTA) values ('2017','3','32594807N','6,65');
Insert into CURSA (ANHO,ID_MODULO,DNI,NOTA) values ('2017','4','32594807N','4,87');
Insert into CURSA (ANHO,ID_MODULO,DNI,NOTA) values ('2017','5','32594807N','2,99');
Insert into CURSA (ANHO,ID_MODULO,DNI,NOTA) values ('2017','6','32594807N','9,2');
Insert into CURSA (ANHO,ID_MODULO,DNI,NOTA) values ('2017','0','41953078C','4,4');
Insert into CURSA (ANHO,ID_MODULO,DNI,NOTA) values ('2017','1','41953078C','8,46');
Insert into CURSA (ANHO,ID_MODULO,DNI,NOTA) values ('2017','2','41953078C','9,89');
Insert into CURSA (ANHO,ID_MODULO,DNI,NOTA) values ('2017','3','41953078C','6,24');
Insert into CURSA (ANHO,ID_MODULO,DNI,NOTA) values ('2017','4','41953078C','9,18');
Insert into CURSA (ANHO,ID_MODULO,DNI,NOTA) values ('2017','5','41953078C','9,56');
Insert into CURSA (ANHO,ID_MODULO,DNI,NOTA) values ('2017','6','41953078C','5,94');
Insert into CURSA (ANHO,ID_MODULO,DNI,NOTA) values ('2017','0','32832598Y','3,17');
Insert into CURSA (ANHO,ID_MODULO,DNI,NOTA) values ('2017','1','32832598Y','1,07');
Insert into CURSA (ANHO,ID_MODULO,DNI,NOTA) values ('2017','2','32832598Y','3,49');
Insert into CURSA (ANHO,ID_MODULO,DNI,NOTA) values ('2017','3','32832598Y','9,52');
Insert into CURSA (ANHO,ID_MODULO,DNI,NOTA) values ('2017','4','32832598Y','4,89');
Insert into CURSA (ANHO,ID_MODULO,DNI,NOTA) values ('2017','5','32832598Y','9,31');
Insert into CURSA (ANHO,ID_MODULO,DNI,NOTA) values ('2017','6','32832598Y','4,52');
Insert into CURSA (ANHO,ID_MODULO,DNI,NOTA) values ('2017','0','46584875P','0,94');
Insert into CURSA (ANHO,ID_MODULO,DNI,NOTA) values ('2017','1','46584875P','3,09');
Insert into CURSA (ANHO,ID_MODULO,DNI,NOTA) values ('2017','2','46584875P','9,05');
Insert into CURSA (ANHO,ID_MODULO,DNI,NOTA) values ('2017','3','46584875P','3,51');
Insert into CURSA (ANHO,ID_MODULO,DNI,NOTA) values ('2017','4','46584875P','1,24');
Insert into CURSA (ANHO,ID_MODULO,DNI,NOTA) values ('2017','5','46584875P','5,03');
Insert into CURSA (ANHO,ID_MODULO,DNI,NOTA) values ('2017','6','46584875P','8,8');
Insert into CURSA (ANHO,ID_MODULO,DNI,NOTA) values ('2017','0','14402143A','2,78');
Insert into CURSA (ANHO,ID_MODULO,DNI,NOTA) values ('2017','1','14402143A','9,8');
Insert into CURSA (ANHO,ID_MODULO,DNI,NOTA) values ('2017','2','14402143A','5,74');
Insert into CURSA (ANHO,ID_MODULO,DNI,NOTA) values ('2017','3','14402143A','0,59');
Insert into CURSA (ANHO,ID_MODULO,DNI,NOTA) values ('2017','4','14402143A','4,88');
Insert into CURSA (ANHO,ID_MODULO,DNI,NOTA) values ('2017','5','14402143A','9,56');
Insert into CURSA (ANHO,ID_MODULO,DNI,NOTA) values ('2017','6','14402143A','7,65');
Insert into CURSA (ANHO,ID_MODULO,DNI,NOTA) values ('2017','0','15606952A','9,56');
Insert into CURSA (ANHO,ID_MODULO,DNI,NOTA) values ('2017','1','15606952A','0,05');
Insert into CURSA (ANHO,ID_MODULO,DNI,NOTA) values ('2017','2','15606952A','6,44');
Insert into CURSA (ANHO,ID_MODULO,DNI,NOTA) values ('2017','3','15606952A','8,43');
Insert into CURSA (ANHO,ID_MODULO,DNI,NOTA) values ('2017','4','15606952A','2,31');
Insert into CURSA (ANHO,ID_MODULO,DNI,NOTA) values ('2017','5','15606952A','5,71');
Insert into CURSA (ANHO,ID_MODULO,DNI,NOTA) values ('2017','6','15606952A','9,47');
Insert into CURSA (ANHO,ID_MODULO,DNI,NOTA) values ('2017','0','21657711Z','0,55');
Insert into CURSA (ANHO,ID_MODULO,DNI,NOTA) values ('2017','1','21657711Z','3,46');
Insert into CURSA (ANHO,ID_MODULO,DNI,NOTA) values ('2017','2','21657711Z','0,31');
Insert into CURSA (ANHO,ID_MODULO,DNI,NOTA) values ('2017','3','21657711Z','1,13');
Insert into CURSA (ANHO,ID_MODULO,DNI,NOTA) values ('2017','4','21657711Z','3,54');
Insert into CURSA (ANHO,ID_MODULO,DNI,NOTA) values ('2017','5','21657711Z','8,24');
Insert into CURSA (ANHO,ID_MODULO,DNI,NOTA) values ('2017','6','21657711Z','2,69');
Insert into CURSA (ANHO,ID_MODULO,DNI,NOTA) values ('2017','0','13873611B','3,28');
Insert into CURSA (ANHO,ID_MODULO,DNI,NOTA) values ('2017','1','13873611B','3,26');
Insert into CURSA (ANHO,ID_MODULO,DNI,NOTA) values ('2017','2','13873611B','4,75');
Insert into CURSA (ANHO,ID_MODULO,DNI,NOTA) values ('2017','3','13873611B','7,97');
Insert into CURSA (ANHO,ID_MODULO,DNI,NOTA) values ('2017','4','13873611B','2,57');
Insert into CURSA (ANHO,ID_MODULO,DNI,NOTA) values ('2017','5','13873611B','0,59');
Insert into CURSA (ANHO,ID_MODULO,DNI,NOTA) values ('2017','6','13873611B','3,2');
Insert into CURSA (ANHO,ID_MODULO,DNI,NOTA) values ('2017','0','30929386K','0,39');
Insert into CURSA (ANHO,ID_MODULO,DNI,NOTA) values ('2017','1','30929386K','0,69');
Insert into CURSA (ANHO,ID_MODULO,DNI,NOTA) values ('2017','2','30929386K','5,86');
Insert into CURSA (ANHO,ID_MODULO,DNI,NOTA) values ('2017','3','30929386K','1,24');
Insert into CURSA (ANHO,ID_MODULO,DNI,NOTA) values ('2017','4','30929386K','3,99');
Insert into CURSA (ANHO,ID_MODULO,DNI,NOTA) values ('2017','5','30929386K','9,12');
Insert into CURSA (ANHO,ID_MODULO,DNI,NOTA) values ('2017','6','30929386K','4,13');
Insert into CURSA (ANHO,ID_MODULO,DNI,NOTA) values ('2017','0','25117245A','3,72');
Insert into CURSA (ANHO,ID_MODULO,DNI,NOTA) values ('2017','1','25117245A','1,9');
Insert into CURSA (ANHO,ID_MODULO,DNI,NOTA) values ('2017','2','25117245A','4,83');
Insert into CURSA (ANHO,ID_MODULO,DNI,NOTA) values ('2017','3','25117245A','1,01');
Insert into CURSA (ANHO,ID_MODULO,DNI,NOTA) values ('2017','4','25117245A','2,42');
Insert into CURSA (ANHO,ID_MODULO,DNI,NOTA) values ('2017','5','25117245A','6,34');
Insert into CURSA (ANHO,ID_MODULO,DNI,NOTA) values ('2017','6','25117245A','3,53');
Insert into CURSA (ANHO,ID_MODULO,DNI,NOTA) values ('2017','0','22751693R','7,97');
Insert into CURSA (ANHO,ID_MODULO,DNI,NOTA) values ('2017','1','22751693R','6,32');
Insert into CURSA (ANHO,ID_MODULO,DNI,NOTA) values ('2017','2','22751693R','2,01');
Insert into CURSA (ANHO,ID_MODULO,DNI,NOTA) values ('2017','3','22751693R','9,66');
Insert into CURSA (ANHO,ID_MODULO,DNI,NOTA) values ('2016','30','27048732L','5,9');
Insert into CURSA (ANHO,ID_MODULO,DNI,NOTA) values ('2016','24','21994468M','4,26');
Insert into CURSA (ANHO,ID_MODULO,DNI,NOTA) values ('2016','25','21994468M','5,98');
Insert into CURSA (ANHO,ID_MODULO,DNI,NOTA) values ('2016','26','21994468M','7,97');
Insert into CURSA (ANHO,ID_MODULO,DNI,NOTA) values ('2016','27','21994468M','4,48');
Insert into CURSA (ANHO,ID_MODULO,DNI,NOTA) values ('2016','28','21994468M','6,68');
Insert into CURSA (ANHO,ID_MODULO,DNI,NOTA) values ('2016','29','21994468M','7,37');
Insert into CURSA (ANHO,ID_MODULO,DNI,NOTA) values ('2016','30','21994468M','4,8');
Insert into CURSA (ANHO,ID_MODULO,DNI,NOTA) values ('2016','24','13807866T','4,65');
Insert into CURSA (ANHO,ID_MODULO,DNI,NOTA) values ('2016','25','13807866T','7,33');
Insert into CURSA (ANHO,ID_MODULO,DNI,NOTA) values ('2016','26','13807866T','8,6');
Insert into CURSA (ANHO,ID_MODULO,DNI,NOTA) values ('2016','27','13807866T','7,86');
Insert into CURSA (ANHO,ID_MODULO,DNI,NOTA) values ('2016','28','13807866T','6,66');
Insert into CURSA (ANHO,ID_MODULO,DNI,NOTA) values ('2016','29','13807866T','7,24');
Insert into CURSA (ANHO,ID_MODULO,DNI,NOTA) values ('2016','30','13807866T','8,88');
Insert into CURSA (ANHO,ID_MODULO,DNI,NOTA) values ('2016','24','19342406G','5,67');
Insert into CURSA (ANHO,ID_MODULO,DNI,NOTA) values ('2016','25','19342406G','4,42');
Insert into CURSA (ANHO,ID_MODULO,DNI,NOTA) values ('2016','26','19342406G','5,57');
Insert into CURSA (ANHO,ID_MODULO,DNI,NOTA) values ('2016','27','19342406G','4,34');
Insert into CURSA (ANHO,ID_MODULO,DNI,NOTA) values ('2016','28','19342406G','8');
Insert into CURSA (ANHO,ID_MODULO,DNI,NOTA) values ('2016','29','19342406G','6,27');
Insert into CURSA (ANHO,ID_MODULO,DNI,NOTA) values ('2016','30','19342406G','4,54');
Insert into CURSA (ANHO,ID_MODULO,DNI,NOTA) values ('2016','24','34621323K','6,59');
Insert into CURSA (ANHO,ID_MODULO,DNI,NOTA) values ('2016','25','34621323K','7,18');
Insert into CURSA (ANHO,ID_MODULO,DNI,NOTA) values ('2016','26','34621323K','4,87');
Insert into CURSA (ANHO,ID_MODULO,DNI,NOTA) values ('2016','27','34621323K','7,49');
Insert into CURSA (ANHO,ID_MODULO,DNI,NOTA) values ('2016','28','34621323K','5,11');
Insert into CURSA (ANHO,ID_MODULO,DNI,NOTA) values ('2016','29','34621323K','4,28');
Insert into CURSA (ANHO,ID_MODULO,DNI,NOTA) values ('2016','30','34621323K','9,42');
Insert into CURSA (ANHO,ID_MODULO,DNI,NOTA) values ('2016','24','40652401Q','9,43');
Insert into CURSA (ANHO,ID_MODULO,DNI,NOTA) values ('2016','25','40652401Q','9,09');
Insert into CURSA (ANHO,ID_MODULO,DNI,NOTA) values ('2016','26','40652401Q','5,4');
Insert into CURSA (ANHO,ID_MODULO,DNI,NOTA) values ('2016','27','40652401Q','9,42');
Insert into CURSA (ANHO,ID_MODULO,DNI,NOTA) values ('2016','28','40652401Q','8,87');
Insert into CURSA (ANHO,ID_MODULO,DNI,NOTA) values ('2016','29','40652401Q','5,32');
Insert into CURSA (ANHO,ID_MODULO,DNI,NOTA) values ('2016','30','40652401Q','4,72');
Insert into CURSA (ANHO,ID_MODULO,DNI,NOTA) values ('2017','31','47326978Q','2,65');
Insert into CURSA (ANHO,ID_MODULO,DNI,NOTA) values ('2017','32','47326978Q','4,28');
Insert into CURSA (ANHO,ID_MODULO,DNI,NOTA) values ('2017','33','47326978Q','1,58');
Insert into CURSA (ANHO,ID_MODULO,DNI,NOTA) values ('2017','34','47326978Q','1,49');
Insert into CURSA (ANHO,ID_MODULO,DNI,NOTA) values ('2017','35','47326978Q','7,32');
Insert into CURSA (ANHO,ID_MODULO,DNI,NOTA) values ('2017','36','47326978Q','1,43');
Insert into CURSA (ANHO,ID_MODULO,DNI,NOTA) values ('2017','37','47326978Q','7,6');
Insert into CURSA (ANHO,ID_MODULO,DNI,NOTA) values ('2017','31','68154384W','7,72');
Insert into CURSA (ANHO,ID_MODULO,DNI,NOTA) values ('2017','32','68154384W','4,67');
Insert into CURSA (ANHO,ID_MODULO,DNI,NOTA) values ('2017','33','68154384W','3,78');
Insert into CURSA (ANHO,ID_MODULO,DNI,NOTA) values ('2017','34','68154384W','0,65');
Insert into CURSA (ANHO,ID_MODULO,DNI,NOTA) values ('2017','35','68154384W','9,79');
Insert into CURSA (ANHO,ID_MODULO,DNI,NOTA) values ('2017','36','68154384W','6,75');
Insert into CURSA (ANHO,ID_MODULO,DNI,NOTA) values ('2017','37','68154384W','0,82');
Insert into CURSA (ANHO,ID_MODULO,DNI,NOTA) values ('2017','31','13822863R','7,6');
Insert into CURSA (ANHO,ID_MODULO,DNI,NOTA) values ('2017','32','13822863R','1,18');
Insert into CURSA (ANHO,ID_MODULO,DNI,NOTA) values ('2017','33','13822863R','4,22');
Insert into CURSA (ANHO,ID_MODULO,DNI,NOTA) values ('2017','34','13822863R','3,93');
Insert into CURSA (ANHO,ID_MODULO,DNI,NOTA) values ('2017','35','13822863R','4,94');
Insert into CURSA (ANHO,ID_MODULO,DNI,NOTA) values ('2017','36','13822863R','1,3');
Insert into CURSA (ANHO,ID_MODULO,DNI,NOTA) values ('2017','37','13822863R','9,45');
Insert into CURSA (ANHO,ID_MODULO,DNI,NOTA) values ('2017','31','49968392H','0,07');
Insert into CURSA (ANHO,ID_MODULO,DNI,NOTA) values ('2017','32','49968392H','3,36');
Insert into CURSA (ANHO,ID_MODULO,DNI,NOTA) values ('2017','33','49968392H','0,72');
Insert into CURSA (ANHO,ID_MODULO,DNI,NOTA) values ('2017','34','49968392H','8,91');
Insert into CURSA (ANHO,ID_MODULO,DNI,NOTA) values ('2017','35','49968392H','4,74');
Insert into CURSA (ANHO,ID_MODULO,DNI,NOTA) values ('2017','36','49968392H','5,48');
Insert into CURSA (ANHO,ID_MODULO,DNI,NOTA) values ('2017','37','49968392H','5,87');
Insert into CURSA (ANHO,ID_MODULO,DNI,NOTA) values ('2017','31','16091551S','3,95');
Insert into CURSA (ANHO,ID_MODULO,DNI,NOTA) values ('2017','32','16091551S','7,75');
Insert into CURSA (ANHO,ID_MODULO,DNI,NOTA) values ('2017','33','16091551S','3,86');
Insert into CURSA (ANHO,ID_MODULO,DNI,NOTA) values ('2017','34','16091551S','8,09');
Insert into CURSA (ANHO,ID_MODULO,DNI,NOTA) values ('2017','35','16091551S','6,27');
Insert into CURSA (ANHO,ID_MODULO,DNI,NOTA) values ('2017','36','16091551S','3,08');
Insert into CURSA (ANHO,ID_MODULO,DNI,NOTA) values ('2017','37','16091551S','8,17');
Insert into CURSA (ANHO,ID_MODULO,DNI,NOTA) values ('2017','31','27048732L','0,36');
Insert into CURSA (ANHO,ID_MODULO,DNI,NOTA) values ('2017','32','27048732L','4,86');
Insert into CURSA (ANHO,ID_MODULO,DNI,NOTA) values ('2017','33','27048732L','5,86');
Insert into CURSA (ANHO,ID_MODULO,DNI,NOTA) values ('2017','34','27048732L','1,34');
Insert into CURSA (ANHO,ID_MODULO,DNI,NOTA) values ('2017','35','27048732L','3,89');
Insert into CURSA (ANHO,ID_MODULO,DNI,NOTA) values ('2017','36','27048732L','3,65');
Insert into CURSA (ANHO,ID_MODULO,DNI,NOTA) values ('2017','37','27048732L','7,85');
Insert into CURSA (ANHO,ID_MODULO,DNI,NOTA) values ('2017','31','21994468M','2,38');
Insert into CURSA (ANHO,ID_MODULO,DNI,NOTA) values ('2017','32','21994468M','6,06');
Insert into CURSA (ANHO,ID_MODULO,DNI,NOTA) values ('2017','33','21994468M','5,41');
Insert into CURSA (ANHO,ID_MODULO,DNI,NOTA) values ('2017','34','21994468M','5,42');
Insert into CURSA (ANHO,ID_MODULO,DNI,NOTA) values ('2017','35','21994468M','9,34');
Insert into CURSA (ANHO,ID_MODULO,DNI,NOTA) values ('2017','36','21994468M','0,28');
Insert into CURSA (ANHO,ID_MODULO,DNI,NOTA) values ('2017','37','21994468M','5,86');
Insert into CURSA (ANHO,ID_MODULO,DNI,NOTA) values ('2017','31','13807866T','2,68');
Insert into CURSA (ANHO,ID_MODULO,DNI,NOTA) values ('2017','32','13807866T','0,05');
Insert into CURSA (ANHO,ID_MODULO,DNI,NOTA) values ('2017','33','13807866T','8,65');
Insert into CURSA (ANHO,ID_MODULO,DNI,NOTA) values ('2017','34','13807866T','3,07');
Insert into CURSA (ANHO,ID_MODULO,DNI,NOTA) values ('2017','35','13807866T','5,9');
Insert into CURSA (ANHO,ID_MODULO,DNI,NOTA) values ('2017','36','13807866T','9,47');
Insert into CURSA (ANHO,ID_MODULO,DNI,NOTA) values ('2017','37','13807866T','7,84');
Insert into CURSA (ANHO,ID_MODULO,DNI,NOTA) values ('2017','31','19342406G','2,12');
Insert into CURSA (ANHO,ID_MODULO,DNI,NOTA) values ('2017','32','19342406G','4,45');
Insert into CURSA (ANHO,ID_MODULO,DNI,NOTA) values ('2017','33','19342406G','2,14');
Insert into CURSA (ANHO,ID_MODULO,DNI,NOTA) values ('2017','34','19342406G','9,44');
Insert into CURSA (ANHO,ID_MODULO,DNI,NOTA) values ('2017','35','19342406G','1,25');
Insert into CURSA (ANHO,ID_MODULO,DNI,NOTA) values ('2017','36','19342406G','7,88');
Insert into CURSA (ANHO,ID_MODULO,DNI,NOTA) values ('2017','37','19342406G','5,21');
Insert into CURSA (ANHO,ID_MODULO,DNI,NOTA) values ('2017','31','34621323K','6,53');
Insert into CURSA (ANHO,ID_MODULO,DNI,NOTA) values ('2017','32','34621323K','6,32');
Insert into CURSA (ANHO,ID_MODULO,DNI,NOTA) values ('2017','33','34621323K','8,13');
Insert into CURSA (ANHO,ID_MODULO,DNI,NOTA) values ('2017','34','34621323K','2,62');
Insert into CURSA (ANHO,ID_MODULO,DNI,NOTA) values ('2017','35','34621323K','9,21');
Insert into CURSA (ANHO,ID_MODULO,DNI,NOTA) values ('2017','36','34621323K','2,37');
Insert into CURSA (ANHO,ID_MODULO,DNI,NOTA) values ('2017','37','34621323K','0,99');
Insert into CURSA (ANHO,ID_MODULO,DNI,NOTA) values ('2017','31','40652401Q','3,92');
Insert into CURSA (ANHO,ID_MODULO,DNI,NOTA) values ('2017','32','40652401Q','3,38');
Insert into CURSA (ANHO,ID_MODULO,DNI,NOTA) values ('2017','33','40652401Q','7,28');
Insert into CURSA (ANHO,ID_MODULO,DNI,NOTA) values ('2017','34','40652401Q','1,28');
Insert into CURSA (ANHO,ID_MODULO,DNI,NOTA) values ('2017','35','40652401Q','1,74');
Insert into CURSA (ANHO,ID_MODULO,DNI,NOTA) values ('2017','36','40652401Q','8,45');
Insert into CURSA (ANHO,ID_MODULO,DNI,NOTA) values ('2017','37','40652401Q','0,09');
Insert into CURSA (ANHO,ID_MODULO,DNI,NOTA) values ('2018','31','20953925M',null);
Insert into CURSA (ANHO,ID_MODULO,DNI,NOTA) values ('2018','32','20953925M',null);
Insert into CURSA (ANHO,ID_MODULO,DNI,NOTA) values ('2018','33','20953925M',null);
Insert into CURSA (ANHO,ID_MODULO,DNI,NOTA) values ('2018','34','20953925M',null);
Insert into CURSA (ANHO,ID_MODULO,DNI,NOTA) values ('2018','35','20953925M',null);
Insert into CURSA (ANHO,ID_MODULO,DNI,NOTA) values ('2018','36','20953925M',null);
Insert into CURSA (ANHO,ID_MODULO,DNI,NOTA) values ('2018','37','20953925M',null);
Insert into CURSA (ANHO,ID_MODULO,DNI,NOTA) values ('2018','31','20494122H',null);
Insert into CURSA (ANHO,ID_MODULO,DNI,NOTA) values ('2018','32','20494122H',null);
Insert into CURSA (ANHO,ID_MODULO,DNI,NOTA) values ('2018','33','20494122H',null);
Insert into CURSA (ANHO,ID_MODULO,DNI,NOTA) values ('2018','34','20494122H',null);
Insert into CURSA (ANHO,ID_MODULO,DNI,NOTA) values ('2018','35','20494122H',null);
Insert into CURSA (ANHO,ID_MODULO,DNI,NOTA) values ('2018','36','20494122H',null);
Insert into CURSA (ANHO,ID_MODULO,DNI,NOTA) values ('2018','37','20494122H',null);
Insert into CURSA (ANHO,ID_MODULO,DNI,NOTA) values ('2018','31','31690697D',null);
Insert into CURSA (ANHO,ID_MODULO,DNI,NOTA) values ('2018','32','31690697D',null);
Insert into CURSA (ANHO,ID_MODULO,DNI,NOTA) values ('2018','33','31690697D',null);
Insert into CURSA (ANHO,ID_MODULO,DNI,NOTA) values ('2018','34','31690697D',null);
Insert into CURSA (ANHO,ID_MODULO,DNI,NOTA) values ('2018','35','31690697D',null);
Insert into CURSA (ANHO,ID_MODULO,DNI,NOTA) values ('2018','36','31690697D',null);
Insert into CURSA (ANHO,ID_MODULO,DNI,NOTA) values ('2018','37','31690697D',null);
Insert into CURSA (ANHO,ID_MODULO,DNI,NOTA) values ('2018','31','98832244W',null);
Insert into CURSA (ANHO,ID_MODULO,DNI,NOTA) values ('2018','32','98832244W',null);
Insert into CURSA (ANHO,ID_MODULO,DNI,NOTA) values ('2018','33','98832244W',null);
Insert into CURSA (ANHO,ID_MODULO,DNI,NOTA) values ('2018','34','98832244W',null);
Insert into CURSA (ANHO,ID_MODULO,DNI,NOTA) values ('2018','35','98832244W',null);
Insert into CURSA (ANHO,ID_MODULO,DNI,NOTA) values ('2018','36','98832244W',null);
Insert into CURSA (ANHO,ID_MODULO,DNI,NOTA) values ('2018','37','98832244W',null);
Insert into CURSA (ANHO,ID_MODULO,DNI,NOTA) values ('2018','31','25007070K',null);
Insert into CURSA (ANHO,ID_MODULO,DNI,NOTA) values ('2018','32','25007070K',null);
Insert into CURSA (ANHO,ID_MODULO,DNI,NOTA) values ('2018','33','25007070K',null);
Insert into CURSA (ANHO,ID_MODULO,DNI,NOTA) values ('2018','34','25007070K',null);
Insert into CURSA (ANHO,ID_MODULO,DNI,NOTA) values ('2018','35','25007070K',null);
Insert into CURSA (ANHO,ID_MODULO,DNI,NOTA) values ('2018','36','25007070K',null);
Insert into CURSA (ANHO,ID_MODULO,DNI,NOTA) values ('2018','37','25007070K',null);
Insert into CURSA (ANHO,ID_MODULO,DNI,NOTA) values ('2018','31','10731067A',null);
Insert into CURSA (ANHO,ID_MODULO,DNI,NOTA) values ('2018','32','10731067A',null);
Insert into CURSA (ANHO,ID_MODULO,DNI,NOTA) values ('2018','33','10731067A',null);
Insert into CURSA (ANHO,ID_MODULO,DNI,NOTA) values ('2018','34','10731067A',null);
Insert into CURSA (ANHO,ID_MODULO,DNI,NOTA) values ('2018','35','10731067A',null);
Insert into CURSA (ANHO,ID_MODULO,DNI,NOTA) values ('2018','36','10731067A',null);
Insert into CURSA (ANHO,ID_MODULO,DNI,NOTA) values ('2018','37','10731067A',null);
Insert into CURSA (ANHO,ID_MODULO,DNI,NOTA) values ('2018','31','46987823L',null);
Insert into CURSA (ANHO,ID_MODULO,DNI,NOTA) values ('2018','32','46987823L',null);
Insert into CURSA (ANHO,ID_MODULO,DNI,NOTA) values ('2018','33','46987823L',null);
Insert into CURSA (ANHO,ID_MODULO,DNI,NOTA) values ('2018','34','46987823L',null);
Insert into CURSA (ANHO,ID_MODULO,DNI,NOTA) values ('2018','35','46987823L',null);
Insert into CURSA (ANHO,ID_MODULO,DNI,NOTA) values ('2018','36','46987823L',null);
Insert into CURSA (ANHO,ID_MODULO,DNI,NOTA) values ('2018','37','46987823L',null);
Insert into CURSA (ANHO,ID_MODULO,DNI,NOTA) values ('2018','31','23630545T',null);
Insert into CURSA (ANHO,ID_MODULO,DNI,NOTA) values ('2018','32','23630545T',null);
Insert into CURSA (ANHO,ID_MODULO,DNI,NOTA) values ('2018','33','23630545T',null);
Insert into CURSA (ANHO,ID_MODULO,DNI,NOTA) values ('2018','34','23630545T',null);
Insert into CURSA (ANHO,ID_MODULO,DNI,NOTA) values ('2018','35','23630545T',null);
Insert into CURSA (ANHO,ID_MODULO,DNI,NOTA) values ('2018','36','23630545T',null);
Insert into CURSA (ANHO,ID_MODULO,DNI,NOTA) values ('2018','37','23630545T',null);
Insert into CURSA (ANHO,ID_MODULO,DNI,NOTA) values ('2018','31','39086642M',null);
Insert into CURSA (ANHO,ID_MODULO,DNI,NOTA) values ('2018','32','39086642M',null);
Insert into CURSA (ANHO,ID_MODULO,DNI,NOTA) values ('2018','33','39086642M',null);
Insert into CURSA (ANHO,ID_MODULO,DNI,NOTA) values ('2018','34','39086642M',null);
Insert into CURSA (ANHO,ID_MODULO,DNI,NOTA) values ('2018','35','39086642M',null);
Insert into CURSA (ANHO,ID_MODULO,DNI,NOTA) values ('2018','36','39086642M',null);
Insert into CURSA (ANHO,ID_MODULO,DNI,NOTA) values ('2018','37','39086642M',null);
Insert into CURSA (ANHO,ID_MODULO,DNI,NOTA) values ('2018','24','40561122R',null);
Insert into CURSA (ANHO,ID_MODULO,DNI,NOTA) values ('2018','25','40561122R',null);
Insert into CURSA (ANHO,ID_MODULO,DNI,NOTA) values ('2018','26','40561122R',null);
Insert into CURSA (ANHO,ID_MODULO,DNI,NOTA) values ('2018','27','40561122R',null);
Insert into CURSA (ANHO,ID_MODULO,DNI,NOTA) values ('2018','28','40561122R',null);
Insert into CURSA (ANHO,ID_MODULO,DNI,NOTA) values ('2018','29','40561122R',null);
Insert into CURSA (ANHO,ID_MODULO,DNI,NOTA) values ('2018','30','40561122R',null);
Insert into CURSA (ANHO,ID_MODULO,DNI,NOTA) values ('2018','24','15218345G',null);
Insert into CURSA (ANHO,ID_MODULO,DNI,NOTA) values ('2018','25','15218345G',null);
Insert into CURSA (ANHO,ID_MODULO,DNI,NOTA) values ('2018','26','15218345G',null);
Insert into CURSA (ANHO,ID_MODULO,DNI,NOTA) values ('2018','27','15218345G',null);
Insert into CURSA (ANHO,ID_MODULO,DNI,NOTA) values ('2018','28','15218345G',null);
Insert into CURSA (ANHO,ID_MODULO,DNI,NOTA) values ('2018','29','15218345G',null);
Insert into CURSA (ANHO,ID_MODULO,DNI,NOTA) values ('2018','30','15218345G',null);
Insert into CURSA (ANHO,ID_MODULO,DNI,NOTA) values ('2018','24','64750370B',null);
Insert into CURSA (ANHO,ID_MODULO,DNI,NOTA) values ('2018','25','64750370B',null);
Insert into CURSA (ANHO,ID_MODULO,DNI,NOTA) values ('2018','26','64750370B',null);
Insert into CURSA (ANHO,ID_MODULO,DNI,NOTA) values ('2018','27','64750370B',null);
Insert into CURSA (ANHO,ID_MODULO,DNI,NOTA) values ('2018','28','64750370B',null);
Insert into CURSA (ANHO,ID_MODULO,DNI,NOTA) values ('2018','29','64750370B',null);
Insert into CURSA (ANHO,ID_MODULO,DNI,NOTA) values ('2018','30','64750370B',null);
Insert into CURSA (ANHO,ID_MODULO,DNI,NOTA) values ('2018','24','77704438L',null);
Insert into CURSA (ANHO,ID_MODULO,DNI,NOTA) values ('2018','25','77704438L',null);
Insert into CURSA (ANHO,ID_MODULO,DNI,NOTA) values ('2018','26','77704438L',null);
Insert into CURSA (ANHO,ID_MODULO,DNI,NOTA) values ('2018','27','77704438L',null);
Insert into CURSA (ANHO,ID_MODULO,DNI,NOTA) values ('2018','28','77704438L',null);
Insert into CURSA (ANHO,ID_MODULO,DNI,NOTA) values ('2018','29','77704438L',null);
Insert into CURSA (ANHO,ID_MODULO,DNI,NOTA) values ('2018','30','77704438L',null);
Insert into CURSA (ANHO,ID_MODULO,DNI,NOTA) values ('2018','24','49458962S',null);
Insert into CURSA (ANHO,ID_MODULO,DNI,NOTA) values ('2018','25','49458962S',null);
Insert into CURSA (ANHO,ID_MODULO,DNI,NOTA) values ('2018','26','49458962S',null);
Insert into CURSA (ANHO,ID_MODULO,DNI,NOTA) values ('2018','27','49458962S',null);
Insert into CURSA (ANHO,ID_MODULO,DNI,NOTA) values ('2018','28','49458962S',null);
Insert into CURSA (ANHO,ID_MODULO,DNI,NOTA) values ('2018','29','49458962S',null);
Insert into CURSA (ANHO,ID_MODULO,DNI,NOTA) values ('2018','30','49458962S',null);
REM INSERTING into MODULO
SET DEFINE OFF;
Insert into MODULO (ID,HORAS,NOMBRE,CURSO,ID_CICLO) values ('38','26','David','2','2');
Insert into MODULO (ID,HORAS,NOMBRE,CURSO,ID_CICLO) values ('8','186','SISTEMAS INFORMÁTICOS','1','0');
Insert into MODULO (ID,HORAS,NOMBRE,CURSO,ID_CICLO) values ('9','187','BASES DE DATOS','1','0');
Insert into MODULO (ID,HORAS,NOMBRE,CURSO,ID_CICLO) values ('10','240','PROGRAMACIÓN','1','0');
Insert into MODULO (ID,HORAS,NOMBRE,CURSO,ID_CICLO) values ('11','107','ENTORNOS DE DESARROLLO','1','0');
Insert into MODULO (ID,HORAS,NOMBRE,CURSO,ID_CICLO) values ('12','107','FORMACIÓN Y ORIENTACIÓN LABORAL','1','0');
Insert into MODULO (ID,HORAS,NOMBRE,CURSO,ID_CICLO) values ('13','240','MONTAJE Y MANTENIMIENTO DE EQUIPOS','1','1');
Insert into MODULO (ID,HORAS,NOMBRE,CURSO,ID_CICLO) values ('0','157','ACCESO A DATOS','2','0');
Insert into MODULO (ID,HORAS,NOMBRE,CURSO,ID_CICLO) values ('1','123','PROGRAMACIÓN MULTIMEDIA Y DISPOSITIVOS MÓVILES','2','0');
Insert into MODULO (ID,HORAS,NOMBRE,CURSO,ID_CICLO) values ('2','70','PROGRAMACIÓN DE SERVICIOS Y PROCESOS','2','0');
Insert into MODULO (ID,HORAS,NOMBRE,CURSO,ID_CICLO) values ('3','87','SISTEMAS DE GESTIÓN EMPRESARIAL','2','0');
Insert into MODULO (ID,HORAS,NOMBRE,CURSO,ID_CICLO) values ('4','53','EMPRESA E INICIATIVA EMPRENDEDORA','2','0');
Insert into MODULO (ID,HORAS,NOMBRE,CURSO,ID_CICLO) values ('5','384','FORMACIÓN EN CENTRO DE TRABAJO','2','0');
Insert into MODULO (ID,HORAS,NOMBRE,CURSO,ID_CICLO) values ('6','26','PROYECTO FIN DE CICLO','2','0');
Insert into MODULO (ID,HORAS,NOMBRE,CURSO,ID_CICLO) values ('7','133','LENGUAJES DE MARCAS Y SISTEMAS DE GESTIÓN DE INFORMACIÓN','1','0');
Insert into MODULO (ID,HORAS,NOMBRE,CURSO,ID_CICLO) values ('14','160','SITEMAS OPERATIVOS MONOPUESTO','1','1');
Insert into MODULO (ID,HORAS,NOMBRE,CURSO,ID_CICLO) values ('15','240','APLICACIONES OFIMÁTICAS','1','1');
Insert into MODULO (ID,HORAS,NOMBRE,CURSO,ID_CICLO) values ('16','123','APLICACIONES WEB','1','1');
Insert into MODULO (ID,HORAS,NOMBRE,CURSO,ID_CICLO) values ('17','107','FORMACIÓN Y ORIENTACIÓN LABORAL','1','1');
Insert into MODULO (ID,HORAS,NOMBRE,CURSO,ID_CICLO) values ('18','157','SISTEMAS OPERATIVOS EN RED','2','1');
Insert into MODULO (ID,HORAS,NOMBRE,CURSO,ID_CICLO) values ('19','213','REDES LOCALES','2','1');
Insert into MODULO (ID,HORAS,NOMBRE,CURSO,ID_CICLO) values ('20','140','SEGURIDAD INFORMÁTICA','2','1');
Insert into MODULO (ID,HORAS,NOMBRE,CURSO,ID_CICLO) values ('21','157','SERVICIOS EN RED','2','1');
Insert into MODULO (ID,HORAS,NOMBRE,CURSO,ID_CICLO) values ('22','53','EMPRESA E INICIATIVA EMPRENDEDORA','2','1');
Insert into MODULO (ID,HORAS,NOMBRE,CURSO,ID_CICLO) values ('23','410','FORMACIÓN EN CENTRO DE TRABAJO','2','1');
Insert into MODULO (ID,HORAS,NOMBRE,CURSO,ID_CICLO) values ('24','160','INGLÉS','1','2');
Insert into MODULO (ID,HORAS,NOMBRE,CURSO,ID_CICLO) values ('25','80','GESTIÓN DE DOCUMENTACIÓN JURÍDICA Y EMPRESARIAL','1','2');
Insert into MODULO (ID,HORAS,NOMBRE,CURSO,ID_CICLO) values ('26','80','RECURSOS HUMANOS Y RESPONSABILIDAD SOCIAL CORPORATIVA','1','2');
Insert into MODULO (ID,HORAS,NOMBRE,CURSO,ID_CICLO) values ('27','240','OFIMÁTICA Y PROCESO DE INFORMACIÓN','1','2');
Insert into MODULO (ID,HORAS,NOMBRE,CURSO,ID_CICLO) values ('28','133','PROCESO INTEGRAL DE ACTIVIDAD COMERCIAL','1','2');
Insert into MODULO (ID,HORAS,NOMBRE,CURSO,ID_CICLO) values ('29','160','COMUNICACIÓN Y ATENCIÓN A LA CLIENTELA','1','2');
Insert into MODULO (ID,HORAS,NOMBRE,CURSO,ID_CICLO) values ('30','107','FORMACIÓN Y ORIENTACIÓN LABORAL','1','2');
Insert into MODULO (ID,HORAS,NOMBRE,CURSO,ID_CICLO) values ('31','154','GESTIÓN DE RECURSOS HUMANOS','2','2');
Insert into MODULO (ID,HORAS,NOMBRE,CURSO,ID_CICLO) values ('32','210','GESTIÓN FINANCIERA','2','2');
Insert into MODULO (ID,HORAS,NOMBRE,CURSO,ID_CICLO) values ('33','210','CONTABILIDAD Y FISCALIDAD','2','2');
Insert into MODULO (ID,HORAS,NOMBRE,CURSO,ID_CICLO) values ('34','80','GESTIÓN LOGÍSTICA Y COMERCIAL','2','2');
Insert into MODULO (ID,HORAS,NOMBRE,CURSO,ID_CICLO) values ('35','92','SIMULACIÓN EMPRESARIAL','2','2');
Insert into MODULO (ID,HORAS,NOMBRE,CURSO,ID_CICLO) values ('36','26','PROYECTO FIN DE CILCO','2','2');
Insert into MODULO (ID,HORAS,NOMBRE,CURSO,ID_CICLO) values ('37','384','FORMACIÓN EN CENTROS DE TRABAJO','2','2');
